date,annee,mois,cas,temp_moy,precip_mm,humidite_pct,temp_moy_lag0,temp_moy_lag1,temp_moy_lag2,temp_moy_lag3,temp_moy_lag4,temp_moy_lag5,temp_moy_lag6,temp_moy_lag7,temp_moy_lag8,temp_moy_lag9,temp_moy_lag10,temp_moy_lag11,temp_moy_lag12
2009-01-01,2009,1,37.0,3.78,142.14,76.7,3.78,6.25,9.86,10.76,16.62,20.03,25.25,24.56,17.31,17.24,12.2,9.12,6.35
2009-02-01,2009,2,72.0,6.25,132.89,71.1,6.25,9.86,10.76,16.62,20.03,25.25,24.56,17.31,17.24,12.2,9.12,6.35,9.4
2009-03-01,2009,3,159.0,9.86,144.96,70.4,9.86,10.76,16.62,20.03,25.25,24.56,17.31,17.24,12.2,9.12,6.35,9.4,11.2
2009-04-01,2009,4,102.0,10.76,6.09,61.5,10.76,16.62,20.03,25.25,24.56,17.31,17.24,12.2,9.12,6.35,9.4,11.2,14.31
2009-05-01,2009,5,128.0,16.62,35.84,54.2,16.62,20.03,25.25,24.56,17.31,17.24,12.2,9.12,6.35,9.4,11.2,14.31,14.99
2009-06-01,2009,6,32.0,20.03,34.2,53.1,20.03,25.25,24.56,17.31,17.24,12.2,9.12,6.35,9.4,11.2,14.31,14.99,18.55
2009-07-01,2009,7,11.0,25.25,12.34,35.8,25.25,24.56,17.31,17.24,12.2,9.12,6.35,9.4,11.2,14.31,14.99,18.55,24.85
2009-08-01,2009,8,10.0,24.56,10.05,38.2,24.56,17.31,17.24,12.2,9.12,6.35,9.4,11.2,14.31,14.99,18.55,24.85,25.42
2009-09-01,2009,9,5.0,17.31,108.5,65.8,17.31,17.24,12.2,9.12,6.35,9.4,11.2,14.31,14.99,18.55,24.85,25.42,21.59
2009-10-01,2009,10,21.0,17.24,13.56,52.9,17.24,12.2,9.12,6.35,9.4,11.2,14.31,14.99,18.55,24.85,25.42,21.59,14.47
2009-11-01,2009,11,13.0,12.2,14.91,50.8,12.2,9.12,6.35,9.4,11.2,14.31,14.99,18.55,24.85,25.42,21.59,14.47,10.41
2009-12-01,2009,12,31.0,9.12,77.4,68.2,9.12,6.35,9.4,11.2,14.31,14.99,18.55,24.85,25.42,21.59,14.47,10.41,9.81
2010-01-01,2010,1,47.0,6.35,125.62,72.7,6.35,9.4,11.2,14.31,14.99,18.55,24.85,25.42,21.59,14.47,10.41,9.81,7.17
2010-02-01,2010,2,57.0,9.4,120.65,73.7,9.4,11.2,14.31,14.99,18.55,24.85,25.42,21.59,14.47,10.41,9.81,7.17,6.7
2010-03-01,2010,3,202.0,11.2,103.05,70.0,11.2,14.31,14.99,18.55,24.85,25.42,21.59,14.47,10.41,9.81,7.17,6.7,8.47
2010-04-01,2010,4,92.0,14.31,39.5,67.6,14.31,14.99,18.55,24.85,25.42,21.59,14.47,10.41,9.81,7.17,6.7,8.47,13.46
2010-05-01,2010,5,60.0,14.99,32.56,55.2,14.99,18.55,24.85,25.42,21.59,14.47,10.41,9.81,7.17,6.7,8.47,13.46,15.76
2010-06-01,2010,6,35.0,18.55,9.07,52.4,18.55,24.85,25.42,21.59,14.47,10.41,9.81,7.17,6.7,8.47,13.46,15.76,20.76
2010-07-01,2010,7,16.0,24.85,53.64,45.4,24.85,25.42,21.59,14.47,10.41,9.81,7.17,6.7,8.47,13.46,15.76,20.76,23.27
2010-08-01,2010,8,12.0,25.42,11.61,34.6,25.42,21.59,14.47,10.41,9.81,7.17,6.7,8.47,13.46,15.76,20.76,23.27,24.41
2010-09-01,2010,9,12.0,21.59,39.19,49.8,21.59,14.47,10.41,9.81,7.17,6.7,8.47,13.46,15.76,20.76,23.27,24.41,20.74
2010-10-01,2010,10,20.0,14.47,102.78,66.4,14.47,10.41,9.81,7.17,6.7,8.47,13.46,15.76,20.76,23.27,24.41,20.74,16.15
2010-11-01,2010,11,26.0,10.41,52.93,67.2,10.41,9.81,7.17,6.7,8.47,13.46,15.76,20.76,23.27,24.41,20.74,16.15,9.03
2010-12-01,2010,12,52.0,9.81,39.34,59.8,9.81,7.17,6.7,8.47,13.46,15.76,20.76,23.27,24.41,20.74,16.15,9.03,7.02
2011-01-01,2011,1,77.0,7.17,36.12,62.4,7.17,6.7,8.47,13.46,15.76,20.76,23.27,24.41,20.74,16.15,9.03,7.02,5.43
2011-02-01,2011,2,43.0,6.7,26.8,60.7,6.7,8.47,13.46,15.76,20.76,23.27,24.41,20.74,16.15,9.03,7.02,5.43,4.51
2011-03-01,2011,3,71.0,8.47,98.91,63.1,8.47,13.46,15.76,20.76,23.27,24.41,20.74,16.15,9.03,7.02,5.43,4.51,11.52
2011-04-01,2011,4,59.0,13.46,134.46,63.0,13.46,15.76,20.76,23.27,24.41,20.74,16.15,9.03,7.02,5.43,4.51,11.52,9.71
2011-05-01,2011,5,44.0,15.76,129.07,69.1,15.76,20.76,23.27,24.41,20.74,16.15,9.03,7.02,5.43,4.51,11.52,9.71,17.73
2011-06-01,2011,6,34.0,20.76,66.45,53.8,20.76,23.27,24.41,20.74,16.15,9.03,7.02,5.43,4.51,11.52,9.71,17.73,22.18
2011-07-01,2011,7,20.0,23.27,9.01,47.1,23.27,24.41,20.74,16.15,9.03,7.02,5.43,4.51,11.52,9.71,17.73,22.18,25.23
2011-08-01,2011,8,9.0,24.41,28.22,44.1,24.41,20.74,16.15,9.03,7.02,5.43,4.51,11.52,9.71,17.73,22.18,25.23,26.23
2011-09-01,2011,9,1.0,20.74,10.93,47.0,20.74,16.15,9.03,7.02,5.43,4.51,11.52,9.71,17.73,22.18,25.23,26.23,20.26
2011-10-01,2011,10,28.0,16.15,49.35,48.6,16.15,9.03,7.02,5.43,4.51,11.52,9.71,17.73,22.18,25.23,26.23,20.26,15.46
2011-11-01,2011,11,14.0,9.03,143.12,71.4,9.03,7.02,5.43,4.51,11.52,9.71,17.73,22.18,25.23,26.23,20.26,15.46,10.42
2011-12-01,2011,12,47.0,7.02,5.09,66.2,7.02,5.43,4.51,11.52,9.71,17.73,22.18,25.23,26.23,20.26,15.46,10.42,6.8
2012-01-01,2012,1,47.0,5.43,46.75,57.4,5.43,4.51,11.52,9.71,17.73,22.18,25.23,26.23,20.26,15.46,10.42,6.8,6.56
2012-02-01,2012,2,61.0,4.51,12.81,56.8,4.51,11.52,9.71,17.73,22.18,25.23,26.23,20.26,15.46,10.42,6.8,6.56,7.43
2012-03-01,2012,3,57.0,11.52,33.23,45.5,11.52,9.71,17.73,22.18,25.23,26.23,20.26,15.46,10.42,6.8,6.56,7.43,10.51
2012-04-01,2012,4,45.0,9.71,134.55,72.3,9.71,17.73,22.18,25.23,26.23,20.26,15.46,10.42,6.8,6.56,7.43,10.51,13.22
2012-05-01,2012,5,62.0,17.73,8.7,50.1,17.73,22.18,25.23,26.23,20.26,15.46,10.42,6.8,6.56,7.43,10.51,13.22,14.36
2012-06-01,2012,6,18.0,22.18,13.25,46.6,22.18,25.23,26.23,20.26,15.46,10.42,6.8,6.56,7.43,10.51,13.22,14.36,20.6
2012-07-01,2012,7,23.0,25.23,14.24,33.3,25.23,26.23,20.26,15.46,10.42,6.8,6.56,7.43,10.51,13.22,14.36,20.6,24.45
2012-08-01,2012,8,10.0,26.23,12.18,26.6,26.23,20.26,15.46,10.42,6.8,6.56,7.43,10.51,13.22,14.36,20.6,24.45,25.22
2012-09-01,2012,9,4.0,20.26,56.12,45.0,20.26,15.46,10.42,6.8,6.56,7.43,10.51,13.22,14.36,20.6,24.45,25.22,18.26
2012-10-01,2012,10,8.0,15.46,90.01,60.3,15.46,10.42,6.8,6.56,7.43,10.51,13.22,14.36,20.6,24.45,25.22,18.26,16.43
2012-11-01,2012,11,21.0,10.42,164.02,75.6,10.42,6.8,6.56,7.43,10.51,13.22,14.36,20.6,24.45,25.22,18.26,16.43,10.8
2012-12-01,2012,12,34.0,6.8,30.22,69.0,6.8,6.56,7.43,10.51,13.22,14.36,20.6,24.45,25.22,18.26,16.43,10.8,7.1
2013-01-01,2013,1,43.0,6.56,48.86,61.5,6.56,7.43,10.51,13.22,14.36,20.6,24.45,25.22,18.26,16.43,10.8,7.1,6.15
2013-02-01,2013,2,52.0,7.43,41.57,56.9,7.43,10.51,13.22,14.36,20.6,24.45,25.22,18.26,16.43,10.8,7.1,6.15,7.03
2013-03-01,2013,3,43.0,10.51,92.45,65.9,10.51,13.22,14.36,20.6,24.45,25.22,18.26,16.43,10.8,7.1,6.15,7.03,9.24
2013-04-01,2013,4,28.0,13.22,54.47,55.7,13.22,14.36,20.6,24.45,25.22,18.26,16.43,10.8,7.1,6.15,7.03,9.24,14.41
2013-05-01,2013,5,28.0,14.36,32.96,51.8,14.36,20.6,24.45,25.22,18.26,16.43,10.8,7.1,6.15,7.03,9.24,14.41,17.87
2013-06-01,2013,6,33.0,20.6,9.48,41.2,20.6,24.45,25.22,18.26,16.43,10.8,7.1,6.15,7.03,9.24,14.41,17.87,19.54
2013-07-01,2013,7,8.0,24.45,8.37,34.8,24.45,25.22,18.26,16.43,10.8,7.1,6.15,7.03,9.24,14.41,17.87,19.54,23.03
2013-08-01,2013,8,7.0,25.22,15.89,30.1,25.22,18.26,16.43,10.8,7.1,6.15,7.03,9.24,14.41,17.87,19.54,23.03,24.65
2013-09-01,2013,9,9.0,18.26,202.33,63.3,18.26,16.43,10.8,7.1,6.15,7.03,9.24,14.41,17.87,19.54,23.03,24.65,19.87
2013-10-01,2013,10,16.0,16.43,26.43,63.3,16.43,10.8,7.1,6.15,7.03,9.24,14.41,17.87,19.54,23.03,24.65,19.87,17.78
2013-11-01,2013,11,14.0,10.8,61.82,60.6,10.8,7.1,6.15,7.03,9.24,14.41,17.87,19.54,23.03,24.65,19.87,17.78,10.24
2013-12-01,2013,12,29.0,7.1,46.7,65.3,7.1,6.15,7.03,9.24,14.41,17.87,19.54,23.03,24.65,19.87,17.78,10.24,6.41
2014-01-01,2014,1,28.0,6.15,125.07,73.2,6.15,7.03,9.24,14.41,17.87,19.54,23.03,24.65,19.87,17.78,10.24,6.41,5.48
2014-02-01,2014,2,35.0,7.03,62.56,71.4,7.03,9.24,14.41,17.87,19.54,23.03,24.65,19.87,17.78,10.24,6.41,5.48,5.32
2014-03-01,2014,3,25.0,9.24,80.21,64.5,9.24,14.41,17.87,19.54,23.03,24.65,19.87,17.78,10.24,6.41,5.48,5.32,9.4
2014-04-01,2014,4,46.0,14.41,36.52,58.0,14.41,17.87,19.54,23.03,24.65,19.87,17.78,10.24,6.41,5.48,5.32,9.4,14.16
2014-05-01,2014,5,25.0,17.87,19.38,48.6,17.87,19.54,23.03,24.65,19.87,17.78,10.24,6.41,5.48,5.32,9.4,14.16,18.49
2014-06-01,2014,6,16.0,19.54,9.93,45.8,19.54,23.03,24.65,19.87,17.78,10.24,6.41,5.48,5.32,9.4,14.16,18.49,19.5
2014-07-01,2014,7,4.0,23.03,7.48,42.2,23.03,24.65,19.87,17.78,10.24,6.41,5.48,5.32,9.4,14.16,18.49,19.5,25.04
2014-08-01,2014,8,1.0,24.65,23.35,39.2,24.65,19.87,17.78,10.24,6.41,5.48,5.32,9.4,14.16,18.49,19.5,25.04,23.33
2014-09-01,2014,9,14.0,19.87,25.36,54.6,19.87,17.78,10.24,6.41,5.48,5.32,9.4,14.16,18.49,19.5,25.04,23.33,19.51
2014-10-01,2014,10,26.0,17.78,19.43,43.1,17.78,10.24,6.41,5.48,5.32,9.4,14.16,18.49,19.5,25.04,23.33,19.51,15.86
2014-11-01,2014,11,14.0,10.24,274.82,73.5,10.24,6.41,5.48,5.32,9.4,14.16,18.49,19.5,25.04,23.33,19.51,15.86,10.57
2014-12-01,2014,12,37.0,6.41,65.54,73.6,6.41,5.48,5.32,9.4,14.16,18.49,19.5,25.04,23.33,19.51,15.86,10.57,10.05
2015-01-01,2015,1,59.0,5.48,99.13,70.4,5.48,5.32,9.4,14.16,18.49,19.5,25.04,23.33,19.51,15.86,10.57,10.05,9.4
2015-02-01,2015,2,44.0,5.32,48.89,73.5,5.32,9.4,14.16,18.49,19.5,25.04,23.33,19.51,15.86,10.57,10.05,9.4,7.38
2015-03-01,2015,3,65.0,9.4,122.87,67.1,9.4,14.16,18.49,19.5,25.04,23.33,19.51,15.86,10.57,10.05,9.4,7.38,8.18
2015-04-01,2015,4,83.0,14.16,39.44,68.5,14.16,18.49,19.5,25.04,23.33,19.51,15.86,10.57,10.05,9.4,7.38,8.18,12.62
2015-05-01,2015,5,25.0,18.49,98.15,50.0,18.49,19.5,25.04,23.33,19.51,15.86,10.57,10.05,9.4,7.38,8.18,12.62,15.51
2015-06-01,2015,6,23.0,19.5,23.03,53.2,19.5,25.04,23.33,19.51,15.86,10.57,10.05,9.4,7.38,8.18,12.62,15.51,21.16
2015-07-01,2015,7,7.0,25.04,24.09,38.3,25.04,23.33,19.51,15.86,10.57,10.05,9.4,7.38,8.18,12.62,15.51,21.16,25.92
2015-08-01,2015,8,12.0,23.33,34.36,50.5,23.33,19.51,15.86,10.57,10.05,9.4,7.38,8.18,12.62,15.51,21.16,25.92,26.18
2015-09-01,2015,9,5.0,19.51,34.99,55.2,19.51,15.86,10.57,10.05,9.4,7.38,8.18,12.62,15.51,21.16,25.92,26.18,21.04
2015-10-01,2015,10,13.0,15.86,80.28,66.8,15.86,10.57,10.05,9.4,7.38,8.18,12.62,15.51,21.16,25.92,26.18,21.04,17.37
2015-11-01,2015,11,20.0,10.57,26.23,63.5,10.57,10.05,9.4,7.38,8.18,12.62,15.51,21.16,25.92,26.18,21.04,17.37,9.9
2015-12-01,2015,12,28.0,10.05,0.9,52.8,10.05,9.4,7.38,8.18,12.62,15.51,21.16,25.92,26.18,21.04,17.37,9.9,6.86
2016-01-01,2016,1,0.0,9.4,8.73,54.3,9.4,7.38,8.18,12.62,15.51,21.16,25.92,26.18,21.04,17.37,9.9,6.86,5.28
2016-02-01,2016,2,0.0,7.38,118.39,54.6,7.38,8.18,12.62,15.51,21.16,25.92,26.18,21.04,17.37,9.9,6.86,5.28,7.87
2016-03-01,2016,3,0.0,8.18,84.81,62.0,8.18,12.62,15.51,21.16,25.92,26.18,21.04,17.37,9.9,6.86,5.28,7.87,10.58
2016-04-01,2016,4,0.0,12.62,28.51,64.1,12.62,15.51,21.16,25.92,26.18,21.04,17.37,9.9,6.86,5.28,7.87,10.58,16.5
2016-05-01,2016,5,0.0,15.51,91.05,64.7,15.51,21.16,25.92,26.18,21.04,17.37,9.9,6.86,5.28,7.87,10.58,16.5,19.26
2016-06-01,2016,6,0.0,21.16,8.77,46.2,21.16,25.92,26.18,21.04,17.37,9.9,6.86,5.28,7.87,10.58,16.5,19.26,24.08
2016-07-01,2016,7,0.0,25.92,20.59,36.7,25.92,26.18,21.04,17.37,9.9,6.86,5.28,7.87,10.58,16.5,19.26,24.08,25.88
2016-08-01,2016,8,0.0,26.18,29.36,31.9,26.18,21.04,17.37,9.9,6.86,5.28,7.87,10.58,16.5,19.26,24.08,25.88,25.84
2016-09-01,2016,9,0.0,21.04,22.34,46.3,21.04,17.37,9.9,6.86,5.28,7.87,10.58,16.5,19.26,24.08,25.88,25.84,22.17
2016-10-01,2016,10,0.0,17.37,24.44,47.8,17.37,9.9,6.86,5.28,7.87,10.58,16.5,19.26,24.08,25.88,25.84,22.17,19.2
2016-11-01,2016,11,0.0,9.9,103.1,61.8,9.9,6.86,5.28,7.87,10.58,16.5,19.26,24.08,25.88,25.84,22.17,19.2,12.76
2016-12-01,2016,12,0.0,6.86,51.49,67.7,6.86,5.28,7.87,10.58,16.5,19.26,24.08,25.88,25.84,22.17,19.2,12.76,6.7
2017-01-01,2017,1,62.0,5.28,55.73,54.7,5.28,7.87,10.58,16.5,19.26,24.08,25.88,25.84,22.17,19.2,12.76,6.7,5.53
2017-02-01,2017,2,56.0,7.87,85.06,64.8,7.87,10.58,16.5,19.26,24.08,25.88,25.84,22.17,19.2,12.76,6.7,5.53,4.77
2017-03-01,2017,3,50.0,10.58,29.22,54.9,10.58,16.5,19.26,24.08,25.88,25.84,22.17,19.2,12.76,6.7,5.53,4.77,9.07
2017-04-01,2017,4,58.0,16.5,43.91,44.2,16.5,19.26,24.08,25.88,25.84,22.17,19.2,12.76,6.7,5.53,4.77,9.07,10.86
2017-05-01,2017,5,27.0,19.26,22.64,48.3,19.26,24.08,25.88,25.84,22.17,19.2,12.76,6.7,5.53,4.77,9.07,10.86,12.57
2017-06-01,2017,6,23.0,24.08,22.12,35.5,24.08,25.88,25.84,22.17,19.2,12.76,6.7,5.53,4.77,9.07,10.86,12.57,17.52
2017-07-01,2017,7,0.0,25.88,9.86,28.2,25.88,25.84,22.17,19.2,12.76,6.7,5.53,4.77,9.07,10.86,12.57,17.52,23.84
2017-08-01,2017,8,0.0,25.84,19.65,32.7,25.84,22.17,19.2,12.76,6.7,5.53,4.77,9.07,10.86,12.57,17.52,23.84,24.49
2017-09-01,2017,9,0.0,22.17,9.11,32.9,22.17,19.2,12.76,6.7,5.53,4.77,9.07,10.86,12.57,17.52,23.84,24.49,19.89
2017-10-01,2017,10,1.0,19.2,5.48,34.6,19.2,12.76,6.7,5.53,4.77,9.07,10.86,12.57,17.52,23.84,24.49,19.89,14.49
2017-11-01,2017,11,0.0,12.76,22.12,30.9,12.76,6.7,5.53,4.77,9.07,10.86,12.57,17.52,23.84,24.49,19.89,14.49,9.74
2017-12-01,2017,12,0.0,6.7,35.95,60.4,6.7,5.53,4.77,9.07,10.86,12.57,17.52,23.84,24.49,19.89,14.49,9.74,9.43
2018-01-01,2018,1,0.0,5.53,123.82,62.5,5.53,4.77,9.07,10.86,12.57,17.52,23.84,24.49,19.89,14.49,9.74,9.43,6.01
2018-02-01,2018,2,0.0,4.77,109.7,69.0,4.77,9.07,10.86,12.57,17.52,23.84,24.49,19.89,14.49,9.74,9.43,6.01,9.12
2018-03-01,2018,3,0.0,9.07,127.22,70.0,9.07,10.86,12.57,17.52,23.84,24.49,19.89,14.49,9.74,9.43,6.01,9.12,11.33
2018-04-01,2018,4,0.0,10.86,147.44,73.3,10.86,12.57,17.52,23.84,24.49,19.89,14.49,9.74,9.43,6.01,9.12,11.33,11.25
2018-05-01,2018,5,0.0,12.57,148.69,79.3,12.57,17.52,23.84,24.49,19.89,14.49,9.74,9.43,6.01,9.12,11.33,11.25,19.17
2018-06-01,2018,6,0.0,17.52,9.95,67.3,17.52,23.84,24.49,19.89,14.49,9.74,9.43,6.01,9.12,11.33,11.25,19.17,20.01
2018-07-01,2018,7,0.0,23.84,6.64,41.1,23.84,24.49,19.89,14.49,9.74,9.43,6.01,9.12,11.33,11.25,19.17,20.01,23.5
2018-08-01,2018,8,0.0,24.49,31.65,39.1,24.49,19.89,14.49,9.74,9.43,6.01,9.12,11.33,11.25,19.17,20.01,23.5,25.13
2018-09-01,2018,9,0.0,19.89,75.53,56.8,19.89,14.49,9.74,9.43,6.01,9.12,11.33,11.25,19.17,20.01,23.5,25.13,21.03
2018-10-01,2018,10,0.0,14.49,108.55,62.0,14.49,9.74,9.43,6.01,9.12,11.33,11.25,19.17,20.01,23.5,25.13,21.03,17.17
2018-11-01,2018,11,0.0,9.74,88.46,78.1,9.74,9.43,6.01,9.12,11.33,11.25,19.17,20.01,23.5,25.13,21.03,17.17,10.44
2018-12-01,2018,12,0.0,9.43,3.69,63.3,9.43,6.01,9.12,11.33,11.25,19.17,20.01,23.5,25.13,21.03,17.17,10.44,8.56
2019-01-01,2019,1,0.0,6.01,11.95,54.9,6.01,9.12,11.33,11.25,19.17,20.01,23.5,25.13,21.03,17.17,10.44,8.56,6.19
2019-02-01,2019,2,0.0,9.12,29.76,42.1,9.12,11.33,11.25,19.17,20.01,23.5,25.13,21.03,17.17,10.44,8.56,6.19,11.7
2019-03-01,2019,3,0.0,11.33,114.31,50.7,11.33,11.25,19.17,20.01,23.5,25.13,21.03,17.17,10.44,8.56,6.19,11.7,10.49
2019-04-01,2019,4,0.0,11.25,120.77,68.6,11.25,19.17,20.01,23.5,25.13,21.03,17.17,10.44,8.56,6.19,11.7,10.49,12.34
2019-05-01,2019,5,0.0,19.17,16.87,41.7,19.17,20.01,23.5,25.13,21.03,17.17,10.44,8.56,6.19,11.7,10.49,12.34,17.21
2019-06-01,2019,6,0.0,20.01,7.83,46.7,20.01,23.5,25.13,21.03,17.17,10.44,8.56,6.19,11.7,10.49,12.34,17.21,20.07
2019-07-01,2019,7,0.0,23.5,11.78,42.8,23.5,25.13,21.03,17.17,10.44,8.56,6.19,11.7,10.49,12.34,17.21,20.07,26.98
2019-08-01,2019,8,0.0,25.13,22.32,39.2,25.13,21.03,17.17,10.44,8.56,6.19,11.7,10.49,12.34,17.21,20.07,26.98,25.65
2019-09-01,2019,9,0.0,21.03,38.43,44.9,21.03,17.17,10.44,8.56,6.19,11.7,10.49,12.34,17.21,20.07,26.98,25.65,22.89
2019-10-01,2019,10,0.0,17.17,21.69,40.8,17.17,10.44,8.56,6.19,11.7,10.49,12.34,17.21,20.07,26.98,25.65,22.89,16.23
2019-11-01,2019,11,0.0,10.44,45.71,61.4,10.44,8.56,6.19,11.7,10.49,12.34,17.21,20.07,26.98,25.65,22.89,16.23,11.88
2019-12-01,2019,12,0.0,8.56,51.55,62.6,8.56,6.19,11.7,10.49,12.34,17.21,20.07,26.98,25.65,22.89,16.23,11.88,7.46
2020-01-01,2020,1,58.0,6.19,43.87,58.5,6.19,11.7,10.49,12.34,17.21,20.07,26.98,25.65,22.89,16.23,11.88,7.46,6.38
2020-02-01,2020,2,68.0,11.7,3.37,38.6,11.7,10.49,12.34,17.21,20.07,26.98,25.65,22.89,16.23,11.88,7.46,6.38,8.85
2020-03-01,2020,3,56.0,10.49,140.22,54.6,10.49,12.34,17.21,20.07,26.98,25.65,22.89,16.23,11.88,7.46,6.38,8.85,9.44
2020-04-01,2020,4,5.0,12.34,85.27,71.0,12.34,17.21,20.07,26.98,25.65,22.89,16.23,11.88,7.46,6.38,8.85,9.44,12.83
2020-05-01,2020,5,5.0,17.21,65.0,56.5,17.21,20.07,26.98,25.65,22.89,16.23,11.88,7.46,6.38,8.85,9.44,12.83,17.82
2020-06-01,2020,6,8.0,20.07,8.43,48.8,20.07,26.98,25.65,22.89,16.23,11.88,7.46,6.38,8.85,9.44,12.83,17.82,20.25
2020-07-01,2020,7,8.0,26.98,19.1,27.9,26.98,25.65,22.89,16.23,11.88,7.46,6.38,8.85,9.44,12.83,17.82,20.25,26.64
2020-08-01,2020,8,5.0,25.65,14.76,34.4,25.65,22.89,16.23,11.88,7.46,6.38,8.85,9.44,12.83,17.82,20.25,26.64,24.32
2020-09-01,2020,9,0.0,22.89,7.82,36.1,22.89,16.23,11.88,7.46,6.38,8.85,9.44,12.83,17.82,20.25,26.64,24.32,21.38
2020-10-01,2020,10,18.0,16.23,72.86,47.2,16.23,11.88,7.46,6.38,8.85,9.44,12.83,17.82,20.25,26.64,24.32,21.38,18.23
2020-11-01,2020,11,24.0,11.88,43.2,57.8,11.88,7.46,6.38,8.85,9.44,12.83,17.82,20.25,26.64,24.32,21.38,18.23,9.36
2020-12-01,2020,12,42.0,7.46,54.52,67.0,7.46,6.38,8.85,9.44,12.83,17.82,20.25,26.64,24.32,21.38,18.23,9.36,8.63
2021-01-01,2021,1,0.0,6.38,62.21,66.8,6.38,8.85,9.44,12.83,17.82,20.25,26.64,24.32,21.38,18.23,9.36,8.63,
2021-02-01,2021,2,0.0,8.85,82.95,63.7,8.85,9.44,12.83,17.82,20.25,26.64,24.32,21.38,18.23,9.36,8.63,,
2021-03-01,2021,3,0.0,9.44,78.68,62.2,9.44,12.83,17.82,20.25,26.64,24.32,21.38,18.23,9.36,8.63,,,
2021-04-01,2021,4,0.0,12.83,114.03,69.2,12.83,17.82,20.25,26.64,24.32,21.38,18.23,9.36,8.63,,,,
2021-05-01,2021,5,0.0,17.82,21.59,52.9,17.82,20.25,26.64,24.32,21.38,18.23,9.36,8.63,,,,,
2021-06-01,2021,6,0.0,20.25,6.43,47.2,20.25,26.64,24.32,21.38,18.23,9.36,8.63,,,,,,
2021-07-01,2021,7,0.0,26.64,9.79,26.7,26.64,24.32,21.38,18.23,9.36,8.63,,,,,,,
2021-08-01,2021,8,0.0,24.32,12.87,36.1,24.32,21.38,18.23,9.36,8.63,,,,,,,,
2021-09-01,2021,9,0.0,21.38,24.86,42.4,21.38,18.23,9.36,8.63,,,,,,,,,
2021-10-01,2021,10,0.0,18.23,6.56,34.2,18.23,9.36,8.63,,,,,,,,,,
2021-11-01,2021,11,0.0,9.36,32.39,51.6,9.36,8.63,,,,,,,,,,,
2021-12-01,2021,12,0.0,8.63,44.38,57.6,8.63,,,,,,,,,,,,
