rang,Commune,Province,n_cas,suggestion_meme_province,score_meme_province,suggestion_globale,score_globale,province_suggestion_globale,cumsum_pct,DECISION_HUMAINE
1,""" """,Taounate,17,M'tioua,0.2,N'Kob,0.25,Tinghir,1.225666906993511,
2,Municipalité,Tétouan,6,Mallalienne,0.435,Mzilate,0.526,Chichaoua,1.658255227108868,
3,H K,Sidi Kacem,5,Sidi Kacem,0.308,N'Kob,0.5,Tinghir,2.0187454938716654,
4,B.E.O,Azilal,5,Bin El Ouidane,0.316,Bzou,0.444,El Kelâa des Sraghna,2.379235760634463,
5,M.I.B.D,Azilal,4,Moulay Aissa Ben Driss,0.276,Mibladen,0.533,Midelt,2.667627974044701,
6,Rk,Guercif,4,Saka,0.333,Zarkat,0.5,Taounate,2.9560201874549388,
7,Passage,Chichaoua,4,Gmassa,0.615,Assa,0.727,Assa-Zag,3.2444124008651767,
8,Takerkoust,Al Haouz,4,Lalla Takarkoust,0.692,Tamegroute,0.7,Zagora,3.5328046142754146,
9,***,Al Haouz,4,Zerkten,0.0,Zrizer,0.0,Taounate,3.8211968276856525,
10,15éme GARE,Taza,3,El Gouzate,0.5,M'Garto,0.588,Khouribga,4.037490987743331,
11,Ihchach,Agadir-Ida Ou Tanane,3,Ait Aissi Ihahane,0.333,Tichla,0.615,Aousserd,4.253785147801009,
12,Iknioune,Ouarzazate,3,Toundoute,0.471,Ikniouen,0.875,Tinghir,4.470079307858688,
13,Jamila,Fquih Ben Salah,3,Bejaad,0.5,Msila,0.727,Taza,4.686373467916367,
14,Jiyarine,Taza,3,Barkine,0.667,Bni Yagrine,0.737,Settat,4.902667627974044,
15,Jnan ward,Fès,3,Ain Kansra,0.421,Ain Harrouda,0.571,Médiouna,5.118961788031723,
16,Kamoune,Béni Mellal,3,Naour,0.5,Zaïtoune,0.667,Tétouan,5.335255948089402,
17,Kebdani,Driouch,3,Dar El Kebdani,0.667,Dar El Kebdani,0.667,Driouch,5.55155010814708,
18,Foum er,Béni Mellal,3,Foum El Anceur,0.667,Foum Jemaa,0.706,El Kelâa des Sraghna,5.767844268204758,
19,Laanoucer,Sefrou,3,Laanoussar,0.737,Laanoussar,0.737,Sefrou,5.984138428262437,
20,Lalla Aicha,Sidi Kacem,3,Bab Tiouka,0.19,Laagagcha,0.7,Sidi Bennour,6.2004325883201155,
21,"M,Bouchta",Taounate,3,Bouhouda,0.588,Bouchfaa,0.706,Taza,6.416726748377794,
22,Mansoura,Chefchaouen,3,Bni Mansour,0.737,Mançoura,0.875,Taounate,6.633020908435472,
23,ighrmloulne,Tinghir,3,Aghbalou N'Kerdous,0.483,Tighedouine,0.636,Al Haouz,6.8493150684931505,
24,segangan,Nador,3,Zeghanghane,0.737,Zeghanghane,0.737,Nador,7.065609228550829,
25,Mbarek El bakay,Sefrou,3,Dar El Hamra,0.593,Dar El Hamra,0.593,Sefrou,7.281903388608508,
26,Medina,Al Haouz,3,Oukaimeden,0.5,Médiouna,0.857,Nouaceur,7.498197548666186,
27,Bouargane,Agadir-Ida Ou Tanane,3,Imsouane,0.588,Ouirgane,0.824,Al Haouz,7.714491708723864,
28,ait idr,Tinghir,3,Aït Hani,0.667,Ait Said,0.8,Essaouira,7.930785868781543,
29,ait s jbel,Tinghir,3,Ait Sedrate Jbel El Oulia,0.571,Bni Sidel Jbel,0.667,Nador,8.147080028839222,
30,ait slimane,Tinghir,3,Aït Hani,0.632,Sidi Slimane,0.783,Sidi Slimane,8.3633741888969,
31,berraka,Nador,3,Hassi Berkane,0.5,Braksa,0.769,Khouribga,8.579668348954579,
32,boumalne k,Tinghir,3,Boumalne Dadès,0.75,Boumalne Dadès,0.75,Tinghir,8.795962509012258,
33,Bouazier,Azilal,3,Bin El Ouidane,0.455,Bouarg,0.714,Nador,9.012256669069934,
34,Menara,Tinghir,3,Imider,0.5,Mnasra,0.833,Kénitra,9.228550829127613,
35,Mesmoda,Ouezzane,3,Masmouda,0.8,Masmouda,0.8,Ouezzane,9.444844989185292,
36,Municipalité,Nador,3,Beni Chiker,0.435,Mzilate,0.526,Chichaoua,9.66113914924297,
37,MunicipalitéBM,Béni Mellal,3,Tilougguite,0.32,Bni Tadjite,0.48,Errachidia,9.877433309300649,
38,Bit goulem,Taza,3,Bni Lent,0.556,Sebt Gzoula,0.667,Safi,10.093727469358328,
39,My Idriss,Meknès,3,Moulay Idriss Zarhoun,0.6,Moulay Idriss Zarhoun,0.6,Meknès,10.310021629416006,
40,Od Youssef,Settat,3,Guisser,0.471,Ouled Youssef,0.87,Fquih Ben Salah,10.526315789473685,
41,"Ol,DAOUD",Taounate,3,Oulad Daoud,0.737,Oulad Daoud,0.737,Taounate,10.742609949531362,
42,Beni Gorfat,Larache,3,Bni Garfett,0.727,Bni Garfett,0.727,Larache,10.95890410958904,
43,Oued Laabid,Azilal,3,Agoudi N'Lkhair,0.538,Oued Naam,0.7,Errachidia,11.17519826964672,
44,Ouizghet,Taounate,3,Ourtzagh,0.625,Ouizeght,0.875,Midelt,11.391492429704398,
45,Oulad L'Harti,Larache,3,Oulad Ouchih,0.64,Oulad Chrif,0.75,Taza,11.607786589762076,
46,Barraca,Nador,3,Bouarg,0.462,Brachoua,0.667,Skhirate-Témara,11.824080749819755,
47,Tibihite,Béni Mellal,3,Tilougguite,0.526,Tighirt,0.667,Tiznit,12.040374909877434,
48,Tighboula,Béni Mellal,3,Timoulilt,0.556,Tigouga,0.75,Taroudant,12.256669069935112,
49,Walili,Meknès,3,Oualili,0.769,Talilit,0.769,Driouch,12.472963229992791,
50,agouidir,Chichaoua,3,Ighoud,0.571,Agoudim,0.8,Midelt,12.689257390050468,
51,Ben cheikh,Al Haouz,3,Ouneine,0.353,Beni Chiker,0.762,Nador,12.905551550108147,
52,R'Ghiwa,Taounate,3,Rghioua,0.714,Rghioua,0.714,Taounate,13.121845710165825,
53,Bab M'rouj,Taza,3,Bab Marzouka,0.727,Bab Marzouka,0.727,Taza,13.338139870223504,
54,Rquen,Tinghir,3,Ikniouen,0.462,Tafraouten,0.533,Taroudant,13.554434030281183,
55,S/R,Ouezzane,3,Sidi Bousber,0.4,Smara,0.5,Es-Semara,13.770728190338861,
56,Safsaf,Sidi Kacem,3,Selfat,0.333,Sefsaf,0.833,Sidi Slimane,13.98702235039654,
57,Sais,Fès,3,Ain Kansra,0.429,Assais,0.8,Taroudant,14.203316510454219,
58,As jbel olia,Tinghir,3,Ferkla El Oulia,0.667,Ras El Ma,0.667,Berkane,14.419610670511895,
59,Senhaja,Sefrou,3,Dar El Hamra,0.421,Senada,0.769,Al Hoceïma,14.635904830569574,
60,Si a ben brahim,Azilal,3,Aït Abbas,0.5,Si Hsaien Ben Abderrahmane,0.683,El Jadida,14.852198990627253,
61,Sidi A Tadeli,Sefrou,3,Ahl Sidi Lahcen,0.5,Sidi Al Kamel,0.769,Sidi Slimane,15.068493150684931,
62,Sidi Ahmed Bouheddane,Ouezzane,3,Sidi Redouane,0.706,Sidi Ahmed Ou Amar,0.718,Taroudant,15.28478731074261,
63,Sidi ahmed tadli,Sefrou,3,Sidi Youssef Ben Ahmed,0.526,Sidi Ahmed El Khadir,0.778,El Kelâa des Sraghna,15.501081470800289,
64,Taddert,Guercif,3,Tissaf,0.308,Taddart,0.857,Taza,15.717375630857967,
65,Ait mraou,Tinghir,3,Ait Youl,0.706,Aït Kamra,0.778,Al Hoceïma,15.933669790915646,
66,Tassouite,Ouarzazate,3,Tansifte,0.706,Tassousfi,0.778,Tata,16.149963950973323,
67,zte sidi kacem,Tétouan,3,Zaouiat Sidi Kacem,0.812,Sidi Kacem,0.833,Sidi Kacem,16.366258111031,
68,wardana,Driouch,3,Ourdana,0.714,Argana,0.769,Taroudant,16.58255227108868,
69,Haouafate,Sidi Kacem,3,Chbanate,0.588,Al Haouafate,0.857,Sidi Slimane,16.79884643114636,
70,Hay Mohamadi,Agadir-Ida Ou Tanane,3,Agadir,0.444,Mohammédia,0.636,Mohammedia,17.015140591204037,
71,Hay mohamadi,Agadir-Ida Ou Tanane,3,Agadir,0.444,Mohammédia,0.636,Mohammedia,17.231434751261716,
72,Hdr,Guercif,3,Debdou,0.222,Lahdar,0.667,Youssoufia,17.447728911319395,
73,Gouzat,Taza,3,El Gouzate,0.75,El Gouzate,0.75,Taza,17.664023071377073,
74,A h said,Tinghir,3,Ferkla Es-Soufla,0.417,Ait Said,0.75,Essaouira,17.880317231434752,
75,"A,chefkaoui",Al Haouz,3,Askaouen,0.526,Dar Chaoui,0.667,Tanger-Assilah,18.09661139149243,
76,A. taourirt,Al Hoceïma,3,Arbaa Taourirt,0.8,Taourirt,0.842,Taourirt,18.31290555155011,
77,tansgharte,Tinghir,3,Tinghir,0.588,Tamanarte,0.737,Assa-Zag,18.529199711607788,
78,***,Azilal,2,Zaouiat Ahansal,0.0,Zrizer,0.0,Taounate,18.673395818312905,
79,zouagha,Fès,2,Louadaine,0.5,Ounagha,0.857,Essaouira,18.817591925018025,
80,tasouit,Tinghir,2,Assoul,0.615,Tarsouat,0.8,Chtouka-Aït Baha,18.96178803172314,
81,tarmoucht,Tinghir,2,Bou Azmou,0.444,Tabaroucht,0.842,Béni Mellal,19.105984138428262,
82,tansghart,Tinghir,2,Tinghir,0.625,Tanougha,0.706,Béni Mellal,19.250180245133382,
83,sidi h o hamd,Essaouira,2,Sidi H'Mad Ou Hamed,0.812,Sidi H'Mad Ou Hamed,0.812,Essaouira,19.3943763518385,
84,sidi ahmed tadli,Sefrou,2,Sidi Youssef Ben Ahmed,0.526,Sidi Ahmed El Khadir,0.778,El Kelâa des Sraghna,19.53857245854362,
85,"A, kansara",Moulay Yacoub,2,Laajajra,0.556,Ain Kansra,0.8,Fès,19.68276856524874,
86,A chefk,Al Haouz,2,Ahl Tifnoute,0.316,Ain Chkef,0.75,Fès,19.826964671953856,
87,Ghorm Alem,Béni Mellal,2,Oulad M'Barek,0.435,Laghoualem,0.7,Benslimane,19.971160778658977,
88,Gfifat,Taroudant,2,Freija,0.5,Lagfifat,0.857,Chtouka-Aït Baha,20.115356885364097,
89,Hay Elmohammadi,Agadir-Ida Ou Tanane,2,Agadir,0.381,Mohammédia,0.64,Mohammedia,20.259552992069214,
90,Hamria,Moulay Yacoub,2,Charqaoua,0.533,Lamrija,0.769,Guercif,20.403749098774334,
91,zaouit nogart,Tinghir,2,Ait Ouassif,0.5,Zaouiat Saiss,0.615,Sidi Bennour,20.54794520547945,
92,tlat boubker,Driouch,2,Oulad Boubker,0.8,Oulad Boubker,0.8,Driouch,20.69214131218457,
93,tissli,Tinghir,2,Tilmi,0.727,Tissint,0.769,Tata,20.83633741888969,
94,tibihite,Béni Mellal,2,Tilougguite,0.526,Tighirt,0.667,Tiznit,20.980533525594808,
95,tazzakht,Tinghir,2,Outerbat,0.375,Taznakht,0.875,Ouarzazate,21.12472963229993,
96,A S Jbel,Tinghir,2,Ait Sedrate Jbel El Oulia,0.485,Bni Sidel Jbel,0.636,Nador,21.26892573900505,
97,A H oyahya,Tinghir,2,Aït Hani,0.444,Ait Yahya,0.737,Midelt,21.413121845710165,
98,A H Said,Tinghir,2,Ferkla Es-Soufla,0.417,Ait Said,0.75,Essaouira,21.557317952415286,
99,Tasouit,Tinghir,2,Assoul,0.615,Tarsouat,0.8,Chtouka-Aït Baha,21.701514059120402,
100,Tarmast,Fquih Ben Salah,2,Tachraft,0.667,Tarmigt,0.714,Ouarzazate,21.845710165825523,
101,Alhaouz,Al Haouz,2,Tahannaout,0.588,Haouza,0.769,Es-Semara,21.989906272530643,
102,Ait oum bakht,Béni Mellal,2,Ait Ouqabli,0.583,Ait Oum El Bekht,0.828,Khénifra,22.13410237923576,
103,Ait majber,Tinghir,2,Aït Elfarsi,0.571,Aït Majden,0.8,Azilal,22.27829848594088,
104,Taoujtat,El Hajeb,2,Agourai,0.533,Tazouta,0.8,Sefrou,22.422494592646,
105,Takerkouste,Al Haouz,2,Lalla Takarkoust,0.667,Tamegroute,0.762,Zagora,22.566690699351117,
106,Taglafte,Azilal,2,Tanant,0.571,Tagleft,0.8,Béni Mellal,22.710886806056237,
107,Tadout,Boulemane,2,Talzemt,0.462,Tazouta,0.769,Sefrou,22.855082912761354,
108,Tabrkhachet,Tinghir,2,Souk Lakhmis Dades,0.345,Tabaroucht,0.667,Béni Mellal,22.999279019466474,
109,Syba,Chichaoua,2,Saidate,0.364,Sbouya,0.6,Sidi Ifni,23.143475126171595,
110,Souk laarbaa,Kénitra,2,Oulad Slama,0.522,Souk Tolba,0.727,Larache,23.28767123287671,
111,Skhinat,Fès,2,Ain Bida,0.4,Skhirate,0.8,Skhirate-Témara,23.43186733958183,
112,Arroui,Nador,2,Al Aroui,0.714,Azrou,0.727,Ifrane,23.576063446286952,
113,Aoulos,Taroudant,2,Aoulouz,0.769,Aoulouz,0.769,Taroudant,23.72025955299207,
114,Amria 2,Béni Mellal,2,Had Bradia,0.471,Lamrija,0.714,Guercif,23.86445565969719,
115,Amria,Béni Mellal,2,Had Bradia,0.533,Lamrija,0.833,Guercif,24.008651766402306,
116,Alwahda,Taza,2,Tahla,0.5,Lahdar,0.769,Youssoufia,24.152847873107426,
117,Alouhda,Taza,2,Bouchfaa,0.533,Tabouda,0.714,Chefchaouen,24.297043979812546,
118,Sidi Abdelaziz,Sidi Slimane,2,Sidi Al Kamel,0.593,Sidi Abdeljalil,0.828,Safi,24.441240086517663,
119,"Sidi A,Tadli",Sefrou,2,Ahl Sidi Lahcen,0.444,Sidi Ali,0.8,Zagora,24.585436193222783,
120,Sgangan,Nador,2,Zeghanghane,0.667,Sgamna,0.769,Khouribga,24.729632299927903,
121,Segangan,Nador,2,Zeghanghane,0.737,Zeghanghane,0.737,Nador,24.87382840663302,
122,Sebab,Guercif,2,Assebbab,0.769,Assebbab,0.769,Guercif,25.01802451333814,
123,Sbab,Guercif,2,Assebbab,0.667,Assebbab,0.667,Guercif,25.162220620043257,
124,Azlaf,Driouch,2,Tleta Azlef,0.5,Azla,0.889,Tétouan,25.306416726748377,
125,As s charkia,Tinghir,2,Ait Sedrate Sahl Charkia,0.611,Meknassa Acharqia,0.621,Taza,25.450612833453498,
126,As jbel sofla,Tinghir,2,Ait Sedrate Jbel El Soufla,0.667,Ait Sedrate Jbel El Soufla,0.667,Tinghir,25.594808940158615,
127,As Jbel,Tinghir,2,Assoul,0.462,Jbiel,0.667,El Kelâa des Sraghna,25.739005046863735,
128,Sab,Moulay Yacoub,2,Sidi El Abed,0.4,Sabbah,0.667,Skhirate-Témara,25.883201153568855,
129,Sab,Azilal,2,Tabia,0.5,Sabbah,0.667,Skhirate-Témara,26.027397260273972,
130,S.M.B.L,Taounate,2,Bouadel,0.286,Mibladen,0.4,Midelt,26.171593366979092,
131,S-A-Ouhamd,Essaouira,2,Sidi H'Mad Ou Hamed,0.69,Sidi H'Mad Ou Hamed,0.69,Essaouira,26.31578947368421,
132,"S,Fasma",Al Haouz,2,Sti Fadma,0.625,Sti Fadma,0.625,Al Haouz,26.45998558038933,
133,S'Rima,Taounate,2,Rghioua,0.462,Rima,0.8,Settat,26.60418168709445,
134,S A Hamd,Essaouira,2,Sidi H'Mad Ou Hamed,0.593,Ras Ain Rhamna,0.636,Marrakech,26.748377793799566,
135,B.S. louta,Nador,2,Bni Sidel Louta,0.64,Louta,0.667,Al Hoceïma,26.892573900504686,
136,B.Hmed,Chefchaouen,2,Bni Ahmed Gharbia,0.435,Ben Ahmed,0.667,Khouribga,27.036770007209807,
137,B.Bch,Al Hoceïma,2,Bni Bouayach,0.471,Sabbah,0.545,Skhirate-Témara,27.180966113914923,
138,B'sabsa,Taounate,2,El Bsabsa,0.75,El Bsabsa,0.75,Taounate,27.325162220620044,
139,B'Sabsa,Taounate,2,El Bsabsa,0.75,El Bsabsa,0.75,Taounate,27.46935832732516,
140,Ribat Elkher,Sefrou,2,Dar El Hamra,0.5,Mers El Kheir,0.64,Skhirate-Témara,27.61355443403028,
141,RassLoued,Taounate,2,Ras El Oued,0.8,Ras El Oued,0.8,Taounate,27.7577505407354,
142,Ras Alam,Moulay Yacoub,2,Sebt Loudaya,0.2,Ras Al Ain,0.778,Settat,27.901946647440518,
143,Qods1,Taza,2,Oued Amlil,0.267,Adis,0.444,Tata,28.046142754145638,
144,Qods,Taza,2,Oued Amlil,0.286,Adis,0.5,Tata,28.19033886085076,
145,"Q,Industriel",Agadir-Ida Ou Tanane,2,Aqesri,0.444,Tindine,0.526,Taroudant,28.334534967555875,
146,Oum bakht,Béni Mellal,2,Oulad M'Barek,0.636,Ait Oum El Bekht,0.64,Khénifra,28.478731074260995,
147,ait hamou oussaid,Tinghir,2,Ait Ouassif,0.643,Ait Haddou Youssef,0.743,Taroudant,28.622927180966116,
148,ait gmate,Tinghir,2,Aït Hani,0.588,Ait Mait,0.824,Driouch,28.767123287671232,
149,ait driss,Tinghir,2,Ait Ouassif,0.6,Ait Oumdis,0.737,Ouarzazate,28.911319394376353,
150,ait boullal,Tinghir,2,Ait Youl,0.737,Ait Ouallal,0.909,Zagora,29.05551550108147,
151,ait boamrane,Tinghir,2,Aït Hani,0.6,Ait Naamane,0.783,El Hajeb,29.19971160778659,
152,ain bziz,Meknès,2,Aïn Orma,0.5,Ain Sbit,0.75,Khemisset,29.34390771449171,
153,Zerhoune,Meknès,2,Ouislane,0.5,Mzefroune,0.824,Ouezzane,29.488103821196827,
154,Z'Rizar,Taounate,2,Zrizer,0.769,Zrizer,0.769,Taounate,29.632299927901947,
155,Toufist,Al Hoceïma,2,Targuist,0.667,Tounfit,0.857,Midelt,29.776496034607067,
156,Tizagui,Azilal,2,Tisqi,0.5,Touizgui,0.8,Assa-Zag,29.920692141312184,
157,Timskalte,Tinghir,2,Tilmi,0.429,Takate,0.667,Essaouira,30.064888248017304,
158,Tessa,Taounate,2,Tissa,0.8,Tissa,0.8,Taounate,30.20908435472242,
159,Ben Yazgha,Sefrou,2,Mtarnagha,0.526,Beni Ftah,0.632,Taza,30.35328046142754,
160,Bel,Sidi Kacem,2,Selfat,0.444,Jbiel,0.75,El Kelâa des Sraghna,30.49747656813266,
161,Barraka,Nador,2,Arekmane,0.4,Braksa,0.769,Khouribga,30.64167267483778,
162,Ouled Boukhadou,Fquih Ben Salah,2,Ouled Bourahmoune,0.75,Oulad Boughadi,0.759,Khouribga,30.7858687815429,
163,Oulad-Tahar,Taounate,2,Oulad Daoud,0.636,Oulad Amghar,0.87,Al Hoceïma,30.93006488824802,
164,Ouidane,Al Haouz,2,Ouirgane,0.8,Al Ouidane,0.824,Marrakech,31.074260994953136,
165,Oued elabid,Azilal,2,Ouaoula,0.444,Oued Laou,0.7,Tétouan,31.218457101658256,
166,Oued Romman,Meknès,2,Oued Jdida,0.571,Oued Ifrane,0.727,Khénifra,31.362653208363373,
167,Ouald Bder,Ouezzane,2,Moulay Abdelkader,0.593,Oulad Berhil,0.727,Taroudant,31.506849315068493,
168,Oled Bder,Ouezzane,2,Moulay Abdelkader,0.538,Ouled Zidane,0.667,Berrechid,31.651045421773613,
169,Bensergao,Ouarzazate,2,Amerzgane,0.444,El Kansera,0.632,Khemisset,31.79524152847873,
170,Bensergao,Agadir-Ida Ou Tanane,2,Idmine,0.133,El Kansera,0.632,Khemisset,31.93943763518385,
171,Beni Gorfet,Larache,2,Bni Garfett,0.818,Bni Garfett,0.818,Larache,32.08363374188897,
172,Bencharrou,Béni Mellal,2,Naour,0.533,Ben Maachou,0.667,El Jadida,32.22782984859409,
173,Oel Bousalham,Taounate,2,El Bsabsa,0.636,Moulay Bousselham,0.733,Larache,32.37202595529921,
174,Od Ziane,Fquih Ben Salah,2,Oulad Zmam,0.556,Ouled Zidane,0.8,Berrechid,32.516222062004324,
175,Od Tahar,Taounate,2,Oued Jemaa,0.556,Oulad Amghar,0.7,Al Hoceïma,32.66041816870945,
176,Od Soltane,Sidi Kacem,2,Oulad Nouel,0.476,Dar Oum Soltane,0.72,Meknès,32.804614275414565,
177,Od Barkate,Fquih Ben Salah,2,Ouled Bourahmoune,0.444,Oulad Amrane,0.636,Youssoufia,32.94881038211968,
178,"N°6830,Sidi Belkacem",Inezgane-Aït Melloul,2,Sidi Bibi,0.429,Sidi Kacem,0.69,Sidi Kacem,33.0930064888248,
179,Médina,Al Haouz,2,Oukaimeden,0.5,Médiouna,0.857,Nouaceur,33.23720259552992,
180,"My,Bouchta",Taounate,2,Bouhouda,0.556,Moulay Bouchta,0.75,Moulay Yacoub,33.38139870223504,
181,My thami,Ouezzane,2,Masmouda,0.375,Tamri,0.615,Agadir-Ida Ou Tanane,33.525594808940156,
182,Bnisadden,Sefrou,2,Ahl Sidi Lahcen,0.333,Bni Said,0.706,Tétouan,33.66979091564528,
183,Bni wanjel,Taounate,2,Bni Rzine,0.632,Bni Zrantel,0.762,Béni Mellal,33.813987022350396,
184,Bit Ghoulam,Taza,2,Tahla,0.5,Sebt Gzoula,0.727,Safi,33.95818312905551,
185,Mokrisset,Ouezzane,2,Lamrabih,0.353,Moqrisset,0.889,Chefchaouen,34.10237923576064,
186,Mokrissat,Chefchaouen,2,Moqrisset,0.778,Moqrisset,0.778,Chefchaouen,34.24657534246575,
187,Mly Hassan,Tétouan,2,Bni Arouss,0.4,Massa,0.667,Tiznit,34.39077144917087,
188,Mezguitem,Guercif,2,Mazguitam,0.778,Mezguita,0.824,Ouarzazate,34.534967555875994,
189,Mesker,Ouezzane,2,Moulay Abdelkader,0.435,Meskoura,0.714,Khouribga,34.67916366258111,
190,Menara,Taroudant,2,Lamhara,0.615,Mnasra,0.833,Kénitra,34.82335976928623,
191,Menara,Ouarzazate,2,Afra,0.6,Mnasra,0.833,Kénitra,34.96755587599135,
192,Menara,Béni Mellal,2,Naour,0.545,Mnasra,0.833,Kénitra,35.11175198269647,
193,hadkouret,Sidi Kacem,2,Taoughilt,0.444,Had Kourt,0.889,Ouezzane,35.255948089401585,
194,boumardoul,Tinghir,2,Bou Azmou,0.632,Bouarouss,0.737,Taounate,35.4001441961067,
195,bouchair,Settat,2,Oulad Sghir,0.526,Bouqachmir,0.778,Khemisset,35.544340302811825,
196,bni enssar,Nador,2,Beni Ansar,0.8,Beni Ansar,0.8,Nador,35.68853640951694,
197,Ait Sawane,Ouarzazate,2,Ait Zineb,0.632,Ait Naamane,0.762,El Hajeb,35.83273251622206,
198,akdim ait mraou,Tinghir,2,Ait Youl,0.522,Sebt Aït Rahou,0.621,Khemisset,35.97692862292718,
199,akdim,Tinghir,2,Ouaklim,0.667,Aklim,0.8,Berkane,36.1211247296323,
200,ait wahi,Tinghir,2,Aït Hani,0.75,Ait Said,0.75,Essaouira,36.265320836337416,
201,ait ouffi,Tinghir,2,Ait Youl,0.706,Ait Ourir,0.778,Marrakech,36.40951694304254,
202,ait kassi,Tinghir,2,Ait Ouassif,0.8,Ait Ouassif,0.8,Tinghir,36.55371304974766,
203,ait harouit,Tinghir,2,Aït Hani,0.737,Ait Hammou,0.762,Rehamna,36.69790915645277,
204,Meknassa,Taza,2,Meknassa Acharqia,0.64,Massa,0.769,Tiznit,36.8421052631579,
205,Meghasseine,Meknès,2,Mrhassiyine,0.727,Mrhassiyine,0.727,Meknès,36.986301369863014,
206,Medina,El Kelâa des Sraghna,2,Hiadna,0.5,Médiouna,0.857,Nouaceur,37.13049747656813,
207,Mazrawa,Taounate,2,Mezraoua,0.667,Smara,0.667,Es-Semara,37.274693583273255,
208,senhaja,Sefrou,2,Dar El Hamra,0.421,Senada,0.769,Al Hoceïma,37.41888968997837,
209,saiss,Fès,2,Ain Kansra,0.4,Assaisse,0.769,Ouarzazate,37.56308579668349,
210,ouarchdik,Tinghir,2,Ouaklim,0.5,Rouached,0.706,Fquih Ben Salah,37.70728190338861,
211,old taher,Taounate,2,Oulad Daoud,0.5,Oulad Amer,0.737,El Kelâa des Sraghna,37.85147801009373,
212,mezguitem,Guercif,2,Mazguitam,0.778,Mezguita,0.824,Ouarzazate,37.995674116798845,
213,merna,Tinghir,2,Imider,0.545,Merija,0.727,Jerada,38.13987022350396,
214,mecheraa laine,Taroudant,2,Machraa El Ain,0.786,Machraa El Ain,0.786,Taroudant,38.284066330209086,
215,magaz kelaa,Tinghir,2,Aït Elfarsi,0.455,Melaab,0.588,Errachidia,38.4282624369142,
216,khmiss dadaes,Tinghir,2,Souk Lakhmis Dades,0.71,Souk Lakhmis Dades,0.71,Tinghir,38.57245854361932,
217,"k,militaire",Taza,2,Msila,0.5,Mzilate,0.556,Chichaoua,38.71665465032444,
218,Aait adel,Al Haouz,2,Sti Fadma,0.444,Ait Aadel,0.889,El Kelâa des Sraghna,38.86085075702956,
219,ighramloulne,Tinghir,2,Aghbalou N'Kerdous,0.533,Ighzrane,0.7,Taza,39.00504686373468,
220,ighramloule,Tinghir,2,Toudgha El Oulia,0.519,Ighzrane,0.632,Taza,39.1492429704398,
221,igheram amazdar,Tinghir,2,Ait Sedrate Sahl Charkia,0.41,M'Saada,0.545,Sidi Slimane,39.29343907714492,
222,Marjane,Meknès,2,Majjate,0.714,Zemrane,0.714,El Kelâa des Sraghna,39.437635183850034,
223,Marinienne,Fès,2,Ain Bida,0.444,Mallalienne,0.667,Tétouan,39.58183129055516,
224,Marigha,Al Haouz,2,Amghras,0.571,Mtarnagha,0.75,Sefrou,39.726027397260275,
225,Marenienne,Fès,2,Louadaine,0.421,Mallalienne,0.667,Tétouan,39.87022350396539,
226,M.Bmellal,Béni Mellal,2,Beni Mellal,0.7,Beni Mellal,0.7,Béni Mellal,40.014419610670515,
227,M'kanssa,Taounate,2,Kissane,0.533,Mkansa,0.857,Sidi Kacem,40.15861571737563,
228,Boukourra,Ouezzane,2,Kalaat Booqorra,0.5,Bouskoura,0.889,Nouaceur,40.30281182408075,
229,Boukorra,Ouezzane,2,Kalaat Booqorra,0.522,Bouskoura,0.824,Nouaceur,40.447007930785865,
230,Boukora,Ouezzane,2,Bni Oual,0.533,Bouskoura,0.875,Nouaceur,40.59120403749099,
231,Bouhmed,Chefchaouen,2,Tabouda,0.571,Bouhmame,0.8,Sidi Bennour,40.735400144196106,
232,M kellat magouna,Tinghir,2,Kalaat M'Gouna,0.733,Kalaat M'Gouna,0.733,Tinghir,40.87959625090122,
233,Lkrakra,Settat,2,Oulad Freiha,0.316,Laqraqra,0.667,Fquih Ben Salah,41.02379235760635,
234,Lkhmis,Tinghir,2,Tilmi,0.545,Khémisset,0.667,Khemisset,41.16798846431146,
235,Lakmis,Tinghir,2,Tilmi,0.545,Lamssid,0.615,Boujdour,41.31218457101658,
236,Laaouina,Azilal,2,Taounza,0.667,Laaouinate,0.889,Jerada,41.456380677721704,
237,Laamoucha,Settat,2,Lahouaza,0.588,Laaouama,0.706,Tanger-Assilah,41.60057678442682,
238,Krona,Driouch,2,Ourdana,0.5,Tekna,0.6,Sidi Kacem,41.74477289113194,
239,Krakra,Settat,2,Rima,0.4,Hrara,0.727,Safi,41.88896899783706,
240,Kolea,Inezgane-Aït Melloul,2,Ouled Teima,0.5,Boulemane,0.571,Boulemane,42.03316510454218,
241,Koka si Moussa,Settat,2,Zaouiat Sidi Ben Hamdoun,0.474,Sidi Moussa,0.72,El Kelâa des Sraghna,42.177361211247295,
242,Khlalta,Fquih Ben Salah,2,Fkih Ben Salah,0.381,Khlalfa,0.857,Taounate,42.32155731795242,
243,Fersiou,Ouezzane,2,Teroual,0.571,Tafersit,0.667,Driouch,42.465753424657535,
244,Feriata,Béni Mellal,2,Boutferda,0.5,Fraita,0.769,El Kelâa des Sraghna,42.60994953136265,
245,Fansseur,Béni Mellal,2,Foum El Anceur,0.545,Aousserd,0.625,Aousserd,42.75414563806777,
246,F.Anceur,Béni Mellal,2,Foum El Anceur,0.636,Foum El Anceur,0.636,Béni Mellal,42.89834174477289,
247,Ennakhil,Rehamna,2,Ait Taleb,0.118,Ben Khlil,0.706,Tan-Tan,43.04253785147801,
248,Ennakhil,Al Haouz,2,Ighil,0.462,Ben Khlil,0.706,Tan-Tan,43.186733958183126,
249,Douar Chems,Ouarzazate,2,Skoura Ahl El Oust,0.483,Rouached,0.632,Fquih Ben Salah,43.33093006488825,
250,Dg,Sidi Kacem,2,Zaggota,0.222,Madagh,0.5,Berkane,43.47512617159337,
251,El Kassam,Settat,2,Oulad Saïd,0.421,El Kansera,0.737,Khemisset,43.61932227829848,
252,Draa,Azilal,2,Rfala,0.667,Drargua,0.727,Inezgane-Aït Melloul,43.76351838500361,
253,Douar Oulad Mkadem,Guelmim,2,Aouint Yghomane,0.242,Houara Oulad Raho,0.686,Guercif,43.907714491708724,
254,ida ouguerd,Essaouira,2,Aguerd,0.706,Ida Ougoummad,0.75,Al Haouz,44.05191059841384,
255,ibrghoussne,Tinghir,2,Ait Ouassif,0.455,Tighedouine,0.636,Al Haouz,44.196106705118964,
256,iazaneen,Nador,2,Iaazzanene,0.778,Iaazzanene,0.778,Nador,44.34030281182408,
257,hay salam kelaa,Tinghir,2,Ait Sedrate Sahl El Gharbia,0.476,Had Al Gharbia,0.483,Tanger-Assilah,44.4844989185292,
258,Chouiter,Al Haouz,2,Tighedouine,0.526,Aïn Chouater,0.7,Errachidia,44.62869502523432,
259,Bouzemalne,Taza,2,Bouyablane,0.7,Boulemane,0.842,Boulemane,44.77289113193944,
260,Jiyarin,Taza,2,Jbarna,0.615,Bni Yagrine,0.667,Settat,44.917087238644555,
261,J Melha,Sidi Kacem,2,Selfat,0.462,Jorf El Melha,0.7,Ouezzane,45.06128334534968,
262,Isskssi,Azilal,2,Tisqi,0.5,Isseksi,0.857,Béni Mellal,45.205479452054796,
263,Ikaouen,Al Hoceïma,2,Imzouren,0.667,Imaouen,0.857,Taroudant,45.34967555875991,
264,Igraouen,Khouribga,2,Mrizigue,0.5,Imaouen,0.8,Taroudant,45.49387166546503,
265,Darksdani,Driouch,2,Dar El Kebdani,0.696,Dar El Kebdani,0.696,Driouch,45.63806777217015,
266,Cmsu,Agadir-Ida Ou Tanane,2,Imsouane,0.5,Missour,0.545,Boulemane,45.78226387887527,
267,A.ali Youssef,Al Hoceïma,1,Aït Youssef Ou Ali,0.645,Oulad Ali Youssef,0.8,Boulemane,45.85436193222783,
268,A.D.C,Sidi Kacem,1,Sidi Kacem,0.267,Agdz,0.444,Ouarzazate,45.92645998558039,
269,A. Taorirt,Al Hoceïma,1,Arbaa Taourirt,0.75,Taourirt,0.778,Taourirt,45.99855803893295,
270,"A,taourirt",Al Hoceïma,1,Arbaa Taourirt,0.75,Taourirt,0.889,Taourirt,46.07065609228551,
271,"A,Y,Ouali",Al Hoceïma,1,Rouadi,0.533,Oualili,0.625,Meknès,46.142754145638065,
272,"A, Mediona A ,Medoina",Taounate,1,Ain Mediouna,0.545,Ain Mediouna,0.545,Taounate,46.21485219899063,
273,A s s charkia,Tinghir,1,Ait Sedrate Sahl Charkia,0.703,Ait Sedrate Sahl Charkia,0.703,Tinghir,46.28695025234319,
274,A s jbel,Tinghir,1,Ait Sedrate Jbel El Oulia,0.485,Bni Sidel Jbel,0.636,Nador,46.359048305695744,
275,A S jbel olia,Tinghir,1,Ait Sedrate Jbel El Oulia,0.684,Ait Sedrate Jbel El Oulia,0.684,Tinghir,46.431146359048306,
276,A S jbel,Tinghir,1,Ait Sedrate Jbel El Oulia,0.485,Bni Sidel Jbel,0.636,Nador,46.50324441240087,
277,sidi A Tadeli,Sefrou,1,Ahl Sidi Lahcen,0.5,Sidi Al Kamel,0.769,Sidi Slimane,46.57534246575342,
278,sghanghan,Nador,1,Zeghanghane,0.8,Zeghanghane,0.8,Nador,46.647440519105984,
279,sebte tafraoutene,Taroudant,1,Tafraouten,0.741,Tafraouten,0.741,Taroudant,46.719538572458546,
280,sais,Fès,1,Ain Kansra,0.429,Assais,0.8,Taroudant,46.7916366258111,
281,sahel,Tiznit,1,Arbaa Sahel,0.625,Salé,0.667,Salé,46.86373467916366,
282,saghro,Tinghir,1,Tinghir,0.462,Maghraoua,0.667,Taza,46.935832732516225,
283,Douar ouled salem ain gdah,Taounate,1,Oued Jemaa,0.5,Dar Oulad Zidouh,0.571,Fquih Ben Salah,47.00793078586878,
284,Douar dar lakhchab,Moulay Yacoub,1,Bouchabel,0.444,Oued Lakhdar,0.6,El Kelâa des Sraghna,47.08002883922134,
285,Douar bni zgyiene,Taounate,1,Bni Rzine,0.615,Bni Rzine,0.615,Taounate,47.152126892573904,
286,Douar amghizide,Azilal,1,Zaouiat Ahansal,0.4,Oulad Amghar,0.593,Al Hoceïma,47.22422494592646,
287,Douar ait ichout,Sefrou,1,Aït Seghrouchen,0.387,Ait Ichou,0.72,Khemisset,47.29632299927902,
288,"Douar Tahchoucht, Tamraght",Agadir-Ida Ou Tanane,1,Ida Ou Kazzou,0.308,Houara Oulad Raho,0.372,Guercif,47.36842105263158,
289,Douar Skhira moulay bouchta,Taounate,1,Bni Bouchibet,0.4,Moulay Bouchta,0.683,Moulay Yacoub,47.44051910598414,
290,Douar Matil,Chichaoua,1,Oulad M'Rabet,0.583,Dar Jamaa,0.6,Al Haouz,47.5126171593367,
291,Douar Lhouari,Sidi Kacem,1,Oulad Nouel,0.5,Dar Chaoui,0.696,Tanger-Assilah,47.584715212689254,
292,Douar Lazrak,Inezgane-Aït Melloul,1,Ouad Essafa,0.522,Dar El Hamra,0.667,Sefrou,47.656813266041816,
293,z elbir,Tinghir,1,M'Semrir,0.533,Ksar el-Kebir,0.6,Larache,47.72891131939438,
294,trik alwahda,Taza,1,Tahla,0.471,Sti Fadma,0.476,Al Haouz,47.80100937274693,
295,tlat louta,Nador,1,Bni Sidel Louta,0.56,Tazouta,0.706,Sefrou,47.873107426099494,
296,tkhabecht,Driouch,1,Tafersit,0.471,Tafetachte,0.632,Essaouira,47.945205479452056,
297,tizitounte,Chichaoua,1,Ain Tazitounte,0.75,Tiztoutine,0.8,Driouch,48.01730353280461,
298,tisli,Tinghir,1,Tilmi,0.8,Tisqi,0.8,Azilal,48.08940158615717,
299,Elhajeb II,El Hajeb,1,El Hajeb,0.778,El Hajeb,0.778,El Hajeb,48.161499639509735,
300,Elguenzra,Khemisset,1,El Kansera,0.526,El Guerdane,0.6,Taroudant,48.23359769286229,
301,El wahda,Taza,1,Outat El Haj,0.4,Lahdar,0.714,Youssoufia,48.30569574621485,
302,El bahri,Nador,1,Al Aroui,0.625,El Aamria,0.706,El Kelâa des Sraghna,48.377793799567414,
303,El Yasmine,Sidi Kacem,1,Ain Jemaa,0.421,Lahsinate,0.632,Essaouira,48.44989185291997,
304,El Qods,El Kelâa des Sraghna,1,El Marbouh,0.471,El Mers,0.571,Boulemane,48.52198990627253,
305,El Hana,El Kelâa des Sraghna,1,El Aamria,0.625,El Hanchane,0.778,Essaouira,48.59408795962509,
306,El Bassatine,Meknès,1,Mrhassiyine,0.522,El Bibane,0.667,Taounate,48.66618601297765,
307,Ehahane,Essaouira,1,El Hanchane,0.778,Zeghanghane,0.778,Nador,48.73828406633021,
308,Dr lagraa,Rehamna,1,Sidi Ali Labrahla,0.538,Dar Jamaa,0.667,Al Haouz,48.81038211968277,
309,Dr Zhair Bouata,Sidi Kacem,1,Zirara,0.476,Dar Bouazza,0.692,Casablanca,48.882480173035326,
310,Dr Lamharig,Sidi Kacem,1,Zirara,0.353,Lamhara,0.667,Taroudant,48.95457822638789,
311,Douar zrarda,Taounate,1,Oulad Daoud,0.522,Zrarda,0.667,Taza,49.02667627974045,
312,Douar tiaret bni frassen,Taza,1,Oulad Chrif,0.343,Bni Frassen,0.629,Taounate,49.098774333093004,
313,Douar tarouate,Ouezzane,1,Teroual,0.476,Ouarzazate,0.667,Ouarzazate,49.170872386445566,
314,Douar sidi saoud,Taounate,1,Oulad Daoud,0.667,Ait Sidi Daoud,0.733,Marrakech,49.24297043979813,
315,Douar Elmchaâ oudka,Taounate,1,Ras El Oued,0.533,Dar Chaoui,0.621,Tanger-Assilah,49.31506849315068,
316,Douar Elhomane,Inezgane-Aït Melloul,1,Ouad Essafa,0.48,Oulad El Garne,0.643,El Kelâa des Sraghna,49.387166546503245,
317,Douar Chaoui Onarqui,El Kelâa des Sraghna,1,Oulad Cherki,0.438,Dar Chaoui,0.667,Tanger-Assilah,49.45926459985581,
318,Douar Bouzgar Sidi Boushab,Agadir-Ida Ou Tanane,1,Ait Aissi Ihahane,0.372,Sidi Boushab,0.632,Chtouka-Aït Baha,49.53136265320836,
319,Douar Bahi,Azilal,1,Zaouiat Ahansal,0.48,Moulay Brahim,0.696,Al Haouz,49.603460706560924,
320,Douar Asserssif,Agadir-Ida Ou Tanane,1,Aqesri,0.286,Moulay Aissa Ben Driss,0.595,Azilal,49.675558759913486,
321,Douar Ait Bousset,Chtouka-Aït Baha,1,Arbaa Aït Ahmed,0.5,Oulad Ali Youssef,0.706,Boulemane,49.74765681326604,
322,Douar Agafay,Agadir-Ida Ou Tanane,1,Adaghas,0.421,Dar Jamaa,0.667,Al Haouz,49.8197548666186,
323,"Douar Afa, Azrarague",Agadir-Ida Ou Tanane,1,Ida Ou Kazzou,0.424,Ouarzazate,0.533,Ouarzazate,49.891852919971164,
324,DiourEssalam,Sidi Kacem,1,Zirara,0.444,Sidi Moussa Lhamri,0.667,Taroudant,49.96395097332372,
325,Diour sabone,Al Haouz,1,Ouirgane,0.6,Douirane,0.7,Chichaoua,50.03604902667628,
326,Demna,Taounate,1,Oued Jemaa,0.533,Demnate,0.833,Azilal,50.108147080028836,
327,De Passage,Ouarzazate,1,Idelsane,0.556,Sidi Aissa,0.6,Safi,50.1802451333814,
328,Elqods,Guelmim,1,Guelmim,0.308,Loulad,0.5,Khouribga,50.25234318673396,
329,Eloualja,Taounate,1,Khlalfa,0.533,Loulja,0.857,Fès,50.324441240086514,
330,Elkodia,Taroudant,1,El Koudia El Beida,0.56,El Ksiba,0.667,Béni Mellal,50.396539293439076,
331,Gourziana,Taounate,1,Ourtzagh,0.588,Ourdana,0.75,Driouch,50.46863734679164,
332,Ghiyata gharb,Taza,1,Ghiata Al Gharbia,0.8,Ghiata Al Gharbia,0.8,Taza,50.54073540014419,
333,Ghafsey,Taounate,1,Ghafsai,0.714,Ghafsai,0.714,Taounate,50.612833453496755,
334,Fraoua,Sidi Kacem,1,Zirara,0.5,Arbaoua,0.769,Larache,50.68493150684932,
335,Foum anseur,Béni Mellal,1,Foum El Anceur,0.8,Foum El Anceur,0.8,Béni Mellal,50.75702956020187,
336,Foum Anseur,Béni Mellal,1,Foum El Anceur,0.8,Foum El Anceur,0.8,Béni Mellal,50.829127613554434,
337,Fokra,Settat,1,Mzoura,0.545,Boukraa,0.667,Laâyoune,50.901225666906996,
338,Far,Tinghir,1,Aït Elfarsi,0.429,Ifarni,0.667,Driouch,50.97332372025955,
339,Fahs anjra,Fahs-Anjra,1,Anjra,0.667,Lahsasna,0.667,Berrechid,51.04542177361211,
340,Fahs Anjra,Fahs-Anjra,1,Anjra,0.667,Lahsasna,0.667,Berrechid,51.117519826964674,
341,F.B.Salah,Fquih Ben Salah,1,Fkih Ben Salah,0.609,Bni Salah,0.667,Chefchaouen,51.18961788031723,
342,Ess ville,Essaouira,1,Essaouira,0.444,Guers Tiaallaline,0.538,Errachidia,51.26171593366979,
343,Ennakhil,Ouarzazate,1,Taznakht,0.5,Ben Khlil,0.706,Tan-Tan,51.33381398702235,
344,Ennakhil,Chichaoua,1,Ahdil,0.615,Ben Khlil,0.706,Tan-Tan,51.40591204037491,
345,Elwafae,Larache,1,Larache,0.143,Selfat,0.615,Sidi Kacem,51.47801009372747,
346,Douar Ibzazn,Al Hoceïma,1,Rouadi,0.444,Ouarzazate,0.636,Ouarzazate,51.55010814708003,
347,Hay Maurice,Inezgane-Aït Melloul,1,Ait Melloul,0.364,Ait Ouribel,0.545,Khemisset,51.622206200432586,
348,Hay Korsi Rue Almasjid,Taroudant,1,Sidi Abdellah Ou Said,0.419,Ksar al Majaz,0.457,Fahs-Anjra,51.69430425378515,
349,Hay Jadid,Sidi Kacem,1,Ain Jemaa,0.444,El Jadida,0.667,El Jadida,51.76640230713771,
350,Hay Alfarah Im 14 N°5,Agadir-Ida Ou Tanane,1,Ait Aissi Ihahane,0.216,Moulay Brahim,0.485,Al Haouz,51.838500360490265,
351,Haoura,Guercif,1,Bouchaouene,0.471,Harhoura,0.857,Skhirate-Témara,51.91059841384283,
352,Haouara,Taza,1,Maghraoua,0.625,Laouamra,0.8,Larache,51.98269646719539,
353,Hana,El Kelâa des Sraghna,1,Hiadna,0.8,Hiadna,0.8,El Kelâa des Sraghna,52.054794520547944,
354,Hamria,Taounate,1,Zarkat,0.5,Lamrija,0.769,Guercif,52.126892573900506,
355,Hamd,Tinghir,1,Imider,0.4,Tamda,0.667,Rehamna,52.19899062725307,
356,Hal Merbea,Fquih Ben Salah,1,Hel Merbaa,0.8,Hel Merbaa,0.8,Fquih Ben Salah,52.27108868060562,
357,Had msila,Taza,1,Msila,0.714,Msila,0.714,Taza,52.343186733958184,
358,Had Sidi Abdellah,Rehamna,1,Sidi Abdallah,0.8,Sidi Abdallah,0.8,Rehamna,52.415284787310746,
359,Hachane,Essaouira,1,El Hanchane,0.778,El Hanchane,0.778,Essaouira,52.4873828406633,
360,H.Mohmadi,Béni Mellal,1,Sidi Hammadi,0.571,Mohammédia,0.632,Mohammedia,52.55948089401586,
361,H.Mohamadi,Béni Mellal,1,Sidi Hammadi,0.545,Mohammédia,0.7,Mohammedia,52.63157894736842,
362,Gueldaman,Taza,1,Galdamane,0.778,Galdamane,0.778,Taza,52.70367700072098,
363,Hors Province,Settat,1,Ras Al Ain,0.435,Sid Zouine,0.348,Marrakech,52.77577505407354,
364,Hmer Iglalcha,Taroudant,1,Ahmar Laglalcha,0.786,Ahmar Laglalcha,0.786,Taroudant,52.847873107426096,
365,Hkmiss,Tinghir,1,M'Ssici,0.462,Khémisset,0.667,Khemisset,52.91997116077866,
366,Hk,Sidi Kacem,1,Tekna,0.286,Chbika,0.5,Tan-Tan,52.99206921413122,
367,Hidar,Driouch,1,Midar,0.8,Midar,0.8,Driouch,53.064167267483775,
368,Hey Mohammadi,Béni Mellal,1,Sidi Hammadi,0.64,Mohammédia,0.696,Mohammedia,53.13626532083634,
369,Hed Mssila,Taza,1,Msila,0.667,H'Ssyia,0.706,Zagora,53.2083633741889,
370,Hdida,Tinghir,1,Tinejdad,0.462,Haddada,0.667,Kénitra,53.280461427541454,
371,Hay khatabi rue 4 n°32,Nador,1,Hassi Berkane,0.353,Al Kharroub,0.375,Tétouan,53.352559480894016,
372,Hay hassani,Al Haouz,1,Assaki,0.588,Bni Hassane,0.636,Azilal,53.42465753424658,
373,Hay elyasmine,Sidi Kacem,1,Chbanate,0.286,Ras El Ain,0.609,Youssoufia,53.49675558759913,
374,Hay eljadid,Larache,1,Bahhara Oulad Ayad,0.483,El Jadida,0.7,El Jadida,53.568853640951694,
375,Hay Taslouine,Agadir-Ida Ou Tanane,1,Imsouane,0.476,Taliouine,0.727,Tata,53.640951694304256,
376,Hay Sidi Daoud,Inezgane-Aït Melloul,1,Oulad Dahou,0.56,Ait Sidi Daoud,0.857,Marrakech,53.71304974765681,
377,Hay Salam,Meknès,1,Ait Yaazem,0.526,Had Soualem,0.7,Nouaceur,53.78514780100937,
378,Hay Mohammadi,Béni Mellal,1,Sidi Hammadi,0.64,Mohammédia,0.696,Mohammedia,53.857245854361935,
379,Houciema,Al Hoceïma,1,Al Hoceïma,0.667,Haouzia,0.667,El Jadida,53.92934390771449,
380,Houara od rahou,Taza,1,Oulad Bourima,0.5,Houara Oulad Raho,0.875,Guercif,54.00144196106705,
381,De Passage,Agadir-Ida Ou Tanane,1,Ait Aissi Ihahane,0.444,Sidi Aissa,0.6,Safi,54.07354001441961,
382,Dchar Ben Dibane,Larache,1,Ksar el-Kebir,0.345,Dar El Kebdani,0.533,Driouch,54.14563806777217,
383,Dar-Louhra,Taounate,1,Mançoura,0.556,Daoura,0.75,Tarfaya,54.21773612112473,
384,DD Mohamed,Driouch,1,M'Hajer,0.471,Mohammédia,0.7,Mohammedia,54.28983417447729,
385,D.Tabarine,Tiznit,1,Ibdar,0.4,Tazarine,0.778,Taza,54.36193222782985,
386,D.Jihadia,Tata,1,Adis,0.462,Bni Hadifa,0.632,Al Hoceïma,54.43403028118241,
387,D.Jihadia,Al Haouz,1,Sti Fadma,0.444,Bni Hadifa,0.632,Al Hoceïma,54.50612833453497,
388,D.Irahalen,Ouarzazate,1,Siroua,0.375,Irohalen,0.778,Chichaoua,54.578226387887526,
389,D ouar Bénimalek,Ouezzane,1,Beni Malek,0.692,Beni Malek,0.692,Ouezzane,54.65032444124009,
390,D G,Sidi Kacem,1,Sidi Kacem,0.308,Madagh,0.444,Berkane,54.72242249459265,
391,Corona,Driouch,1,Ourdana,0.615,Ourdana,0.615,Driouch,54.794520547945204,
392,Coelma,Tétouan,1,Oued Laou,0.533,Goulmima,0.571,Errachidia,54.866618601297766,
393,Cite Scolaire,Tétouan,1,Bni Said,0.476,Ain Chair,0.364,Figuig,54.93871665465032,
394,Chourfa,Fquih Ben Salah,1,Tachraft,0.533,Chouafaa,0.8,Larache,55.01081470800288,
395,Iwareden,Azilal,1,Aït Majden,0.556,Mibladen,0.625,Midelt,55.082912761355445,
396,Issakssi,Azilal,1,Tisqi,0.462,Isseksi,0.8,Béni Mellal,55.155010814708,
397,Irguita,Taroudant,1,Igli,0.545,Tizguite,0.667,Ifrane,55.22710886806056,
398,Imouzar Kendr,Sefrou,1,Imouzzer Kandar,0.786,Imouzzer Kandar,0.786,Sefrou,55.29920692141312,
399,Imgoune,Taroudant,1,Bigoudine,0.75,Imsouane,0.8,Agadir-Ida Ou Tanane,55.37130497476568,
400,Imgharne,Ouarzazate,1,Idelsane,0.5,Ighzrane,0.75,Taza,55.44340302811824,
401,Ikhourba,Béni Mellal,1,Boutferda,0.471,Khouribga,0.824,Khouribga,55.5155010814708,
402,Ijfi,Driouch,1,Ifarni,0.6,Tifni,0.667,Azilal,55.58759913482336,
403,Ihoudjjine,Azilal,1,Imi N'Oulaoune,0.417,Bigoudine,0.737,Taroudant,55.65969718817592,
404,Ihoudjine,Azilal,1,Imi N'Oulaoune,0.435,Bigoudine,0.778,Taroudant,55.73179524152848,
405,Ihchach,Essaouira,1,El Hanchane,0.444,Tichla,0.615,Aousserd,55.803893294881036,
406,Ighrmloulne,Tinghir,1,Aghbalou N'Kerdous,0.483,Tighedouine,0.636,Al Haouz,55.8759913482336,
407,Ighrem Amazdar,Tinghir,1,Taghzoute N'Ait Atta,0.412,Ighrem N'Ougdal,0.621,Ouarzazate,55.94808940158616,
408,Idaouzemzème,Essaouira,1,Ida Ou Aazza,0.583,Ida Ou Moumen,0.64,Taroudant,56.020187454938714,
409,Idaouzemzeme,Essaouira,1,Ida Ou Aazza,0.583,Ida Ou Moumen,0.64,Taroudant,56.092285508291276,
410,Idaouguelloule,Essaouira,1,Sidi El Jazouli,0.483,Ida Ou Guelloul,0.897,Agadir-Ida Ou Tanane,56.16438356164384,
411,Kalaa-Ourache,Taounate,1,Abdelghaya Souahel,0.645,Larache,0.7,Larache,56.23648161499639,
412,Kalaa Sraghna,El Kelâa des Sraghna,1,El Kelâat Es-Sraghna,0.727,El Kelâat Es-Sraghna,0.727,El Kelâa des Sraghna,56.308579668348955,
413,Kalaa Magoune,Ouarzazate,1,Amerzgane,0.364,Kalaat M'Gouna,0.815,Tinghir,56.38067772170152,
414,Kaa Assrass,Chefchaouen,1,Al Hamra,0.421,Assaisse,0.632,Ouarzazate,56.45277577505407,
415,K_Ba_Mohamed,Taounate,1,Sidi Haj M’hamed,0.519,Karia Ba Mohamed,0.714,Moulay Yacoub,56.52487382840663,
416,K.Tadla,Béni Mellal,1,Kasba Tadla,0.667,Tamda,0.667,Rehamna,56.596971881759195,
417,Jnan nokbi,Fès,1,Ain Bida,0.556,Jnane Bouih,0.667,Youssoufia,56.66906993511175,
418,Jnan kastiyine,Larache,1,Ksar el-Kebir,0.296,Mrhassiyine,0.56,Meknès,56.74116798846431,
419,Jnan Ward,Fès,1,Ain Kansra,0.421,Ain Harrouda,0.571,Médiouna,56.813266041816874,
420,Jiha-Soufla,Taounate,1,Thar Es-Souk,0.522,Toudgha Essoufla,0.667,Tinghir,56.88536409516943,
421,Jida,Tinghir,1,Tinejdad,0.5,Jaidate,0.727,Marrakech,56.95746214852199,
422,Jerf lmlha,Sidi Kacem,1,Ain Jemaa,0.421,Jorf El Melha,0.783,Ouezzane,57.02956020187455,
423,Jemeât old mimoun,Moulay Yacoub,1,Oulad Mimoun,0.621,Oulad Mimoun,0.621,Moulay Yacoub,57.10165825522711,
424,Jamat sidi ghayat,Al Haouz,1,Sidi Badhaj,0.5,Zaouiat Sidi Hamza,0.686,Midelt,57.17375630857967,
425,Jamaat Lamrasla,Safi,1,Lamrasla,0.696,Lamrasla,0.696,Safi,57.24585436193223,
426,Jabriénne,Ouezzane,1,Aïn Béida,0.333,Jabria,0.667,Sidi Bennour,57.317952415284786,
427,"Chatre III,Ait Taoukte",Agadir-Ida Ou Tanane,1,Ida Ou Kazzou,0.286,Tataoute,0.467,Taroudant,57.39005046863735,
428,Charrate,Taounate,1,Zarkat,0.571,Cherrat,0.8,Benslimane,57.4621485219899,
429,Charf Souani,Tanger-Assilah,1,Dar Chaoui,0.545,Charqaoua,0.667,Moulay Yacoub,57.534246575342465,
430,Chahid Baha Rfaif,Sefrou,1,Ahl Sidi Lahcen,0.438,Had Bradia,0.519,Béni Mellal,57.60634462869503,
431,Chahid Baba,Sefrou,1,Azzaba,0.471,Chahda,0.706,Safi,57.67844268204758,
432,Cab,Chtouka-Aït Baha,1,Tabia,0.5,Chtaiba,0.6,El Kelâa des Sraghna,57.75054073540014,
433,Béninsser,Nador,1,Beni Ansar,0.737,Beni Ansar,0.737,Nador,57.822638788752705,
434,Béni assifan,Chefchaouen,1,Bni Selmane,0.609,Bni Hassane,0.783,Azilal,57.89473684210526,
435,Bureau Ikaouen,Tinghir,1,Ikniouen,0.545,Askaouen,0.636,Al Haouz,57.96683489545782,
436,Brakt Lamine,Safi,1,Sebt Gzoula,0.435,Ras El Ain,0.636,Youssoufia,58.038932948810384,
437,Bozamlane,Taza,1,Bouyablane,0.737,Bouyablane,0.737,Taza,58.11103100216294,
438,Bouyafer,Nador,1,Bouarg,0.714,Sbouya,0.714,Sidi Ifni,58.1831290555155,
439,Boumya,Khénifra,1,Oum Rabia,0.533,Sbouya,0.833,Sidi Ifni,58.25522710886806,
440,Kcebia,Sidi Slimane,1,Kceibya,0.769,Kceibya,0.769,Sidi Slimane,58.32732516222062,
441,Karouel,Azilal,1,Taounza,0.429,Tazroute,0.667,Chefchaouen,58.39942321557318,
442,Karoil,Azilal,1,Azilal,0.5,Martil,0.667,Tétouan,58.47152126892574,
443,Laabiate,Sidi Slimane,1,Nouirate,0.5,Laaouinate,0.778,Jerada,58.543619322278296,
444,L'Habita,Sefrou,1,Dar El Hamra,0.5,Lgharbia,0.75,Sidi Bennour,58.61571737563086,
445,L Foukani,Driouch,1,Ifarni,0.533,El Gouraani,0.7,Youssoufia,58.68781542898342,
446,Kssibiya,Sidi Kacem,1,Sidi Kacem,0.444,Kceibya,0.667,Sidi Slimane,58.759913482335975,
447,Kssibat,Chefchaouen,1,Tassift,0.571,Khmis Ksiba,0.667,Rehamna,58.83201153568854,
448,Kmis Anjra,Fahs-Anjra,1,Anjra,0.667,Anjra,0.667,Fahs-Anjra,58.9041095890411,
449,Khmiss anjra,Fahs-Anjra,1,Anjra,0.588,Kissane,0.632,Taounate,58.97620764239365,
450,Khmiss Anjra,Chefchaouen,1,Bni Mansour,0.348,Kissane,0.632,Taounate,59.048305695746215,
451,Khmiss AitAmira,Chtouka-Aït Baha,1,Ait Mzal,0.348,Ait Amira,0.667,Inezgane-Aït Melloul,59.12040374909878,
452,Khmis Anjra,Fahs-Anjra,1,Anjra,0.625,Khmis Ksiba,0.636,Rehamna,59.19250180245133,
453,Khmalca,Taounate,1,Khlalfa,0.714,Khlalfa,0.714,Taounate,59.264599855803894,
454,Kharba,Chtouka-Aït Baha,1,Tabia,0.545,Hrara,0.727,Safi,59.336697909156456,
455,Khandak Zeboua,Tétouan,1,Al Kharroub,0.4,Had Boumoussa,0.593,Fquih Ben Salah,59.40879596250901,
456,"Kelaat M,",Tinghir,1,Kalaat M'Gouna,0.609,Kalaat M'Gouna,0.609,Tinghir,59.48089401586157,
457,Kebdani,Nador,1,Iksane,0.462,Dar El Kebdani,0.667,Driouch,59.552992069214135,
458,Chjahaid baha,Sefrou,1,Ahl Sidi Lahcen,0.5,Ait Baha,0.667,Chtouka-Aït Baha,59.62509012256669,
459,Lmzem,El Kelâa des Sraghna,1,Zemrane,0.5,Talzemt,0.667,Boulemane,59.69718817591925,
460,Lmzam*,Azilal,1,Ait M'Hamed,0.353,Mazguitam,0.533,Guercif,59.769286229271806,
461,Lhotte,Tinghir,1,Outerbat,0.429,Hattane,0.615,Khouribga,59.84138428262437,
462,Lhote,Tinghir,1,Outerbat,0.462,Tlite,0.6,Ouarzazate,59.91348233597693,
463,Lemzar,Zagora,1,Zagora,0.5,Témara,0.667,Skhirate-Témara,59.985580389329485,
464,Lbour,Tinghir,1,Outerbat,0.462,Bourd,0.8,Al Hoceïma,60.05767844268205,
465,Lari Chiekh,Nador,1,Beni Chiker,0.545,Larache,0.667,Larache,60.12977649603461,
466,Lalla aicha,Ouezzane,1,Lamrabih,0.526,Laagagcha,0.7,Sidi Bennour,60.20187454938716,
467,Lalla Aicha,Ouezzane,1,Lamrabih,0.526,Laagagcha,0.7,Sidi Bennour,60.273972602739725,
468,Lakrimat,Essaouira,1,Korimate,0.75,Korimate,0.75,Essaouira,60.34607065609229,
469,Lakrakra,Settat,1,Lahouaza,0.5,Laqraqra,0.75,Fquih Ben Salah,60.41816870944484,
470,Labita od said,Settat,1,Oulad Saïd,0.667,Ait Said,0.727,Essaouira,60.490266762797404,
471,Laazib,Taroudant,1,Lamhadi,0.615,Melaab,0.667,Errachidia,60.562364816149966,
472,Laayayta,Béni Mellal,1,Kasba Tadla,0.211,Oulad Ayyad,0.526,Sefrou,60.63446286950252,
473,Laari Chikh,Taounate,1,Aïn Aïcha,0.5,Zaouiat Cheikh,0.64,Khénifra,60.70656092285508,
474,Laai chikh,Nador,1,Beni Chiker,0.571,Zaouiat Cheikh,0.667,Khénifra,60.778658976207645,
475,M'Hirija,Guercif,1,Lamrija,0.667,Merija,0.714,Jerada,60.8507570295602,
476,Boumardoul,Tinghir,1,Bou Azmou,0.632,Bouarouss,0.737,Taounate,60.92285508291276,
477,Boumalne kcer,Tinghir,1,Boumalne Dadès,0.741,Boumalne Dadès,0.741,Tinghir,60.99495313626532,
478,Boumalne k,Tinghir,1,Boumalne Dadès,0.75,Boumalne Dadès,0.75,Tinghir,61.06705118961788,
479,Boumalene,Ouarzazate,1,Toundoute,0.333,Boulemane,0.778,Boulemane,61.13914924297044,
480,Boulaajat,Taroudant,1,Ouled Aissa,0.5,Loulja,0.667,Fès,61.211247296323,
481,Boukorra,Chefchaouen,1,Bni Bouzra,0.556,Bouskoura,0.824,Nouaceur,61.28334534967556,
482,Boukora,Chefchaouen,1,Bni Bouzra,0.588,Bouskoura,0.875,Nouaceur,61.35544340302812,
483,Boukhalef,Guercif,1,Bouchaouene,0.6,Bouhmame,0.706,Sidi Bennour,61.42754145638068,
484,Boujdian,Larache,1,Souaken,0.533,Oujda,0.769,Oujda-Angad,61.499639509733235,
485,Boujarrah,Tétouan,1,Bni Karrich,0.5,Bouarfa,0.75,Figuig,61.5717375630858,
486,Bouigra,Chtouka-Aït Baha,1,Tizoughrane,0.556,Biougra,0.857,Inezgane-Aït Melloul,61.64383561643836,
487,Bouhamza,Azilal,1,Taounza,0.533,Bouhmame,0.75,Sidi Bennour,61.715933669790914,
488,M'Hannech,Tétouan,1,Mallalienne,0.5,M'Hajer,0.625,Driouch,61.788031723143476,
489,M bekay,Sefrou,1,Imouzzer Kandar,0.364,M'Haya,0.615,Moulay Yacoub,61.86012977649604,
490,M Bakay,Sefrou,1,Matmata,0.429,M'Haya,0.615,Moulay Yacoub,61.93222782984859,
491,Marjane,Boulemane,1,Boulemane,0.5,Zemrane,0.714,El Kelâa des Sraghna,62.004325883201155,
492,Marenniene,Fès,1,Louadaine,0.421,Bni Marghnine,0.609,Driouch,62.07642393655372,
493,Mallaha centre,Settat,1,Machraa Ben Abbou,0.452,Mallalienne,0.64,Tétouan,62.14852198990627,
494,Mallaha,Settat,1,Lahouaza,0.533,Tamallalt,0.625,El Kelâa des Sraghna,62.22062004325883,
495,Malhart,Settat,1,Mniaa,0.5,Al Hamra,0.667,Chefchaouen,62.29271809661139,
496,Maksouline,Al Hoceïma,1,Tifarouine,0.6,Bni Gmil Maksouline,0.69,Taounate,62.36481614996395,
497,Maimouna,Kénitra,1,Ait Malek,0.235,Médiouna,0.75,Nouaceur,62.43691420331651,
498,Mahrek Melak,Settat,1,Ain Blal,0.4,Machraa El Ain,0.615,Taroudant,62.50901225666907,
499,Machouar,Tinghir,1,Assoul,0.429,Mançoura,0.75,Taounate,62.58111031002163,
500,Machouar,Al Haouz,1,Aghouatim,0.588,Mançoura,0.75,Taounate,62.65320836337419,
501,Maayach,Tinghir,1,Imilchil,0.4,Ayacha,0.769,Larache,62.725306416726745,
502,M/bouchta,Taounate,1,Bni Bouchibet,0.636,Moulay Bouchta,0.783,Moulay Yacoub,62.79740447007931,
503,"M,Bouchta M,Bouchta",Taounate,1,Bouhouda,0.519,Bouabout,0.593,Chichaoua,62.86950252343187,
504,"M, Bakay",Sefrou,1,Matmata,0.4,M'Haya,0.571,Moulay Yacoub,62.941600576784424,
505,M'sasa,Taounate,1,Messassa,0.714,M'Saada,0.769,Sidi Slimane,63.013698630136986,
506,M'Sasa,Taounate,1,Messassa,0.714,M'Saada,0.769,Sidi Slimane,63.08579668348955,
507,Menara,Azilal,1,Demnate,0.462,Mnasra,0.833,Kénitra,63.1578947368421,
508,Mellala,Settat,1,Mniaa,0.5,Mellila,0.857,Benslimane,63.229992790194665,
509,Mellaha,Tétouan,1,Mallalienne,0.444,Melaab,0.769,Errachidia,63.30209084354723,
510,Mellaha,Settat,1,Lahouaza,0.533,Melaab,0.769,Errachidia,63.37418889689978,
511,Meghrawa,Taza,1,Maghraoua,0.706,Maghraoua,0.706,Taza,63.44628695025234,
512,Meghater,Larache,1,Sidi Mohamed Lahmar,0.37,Ghmate,0.714,Al Haouz,63.518385003604905,
513,Medina,Essaouira,1,Tafedna,0.615,Médiouna,0.857,Nouaceur,63.59048305695746,
514,Mdiq Fnideq,M'diq-Fnideq,1,Fnideq,0.706,Fnideq,0.706,M'diq-Fnideq,63.66258111031002,
515,Mbarek lbkay,Sefrou,1,Dar El Hamra,0.417,Majmaa Tolba,0.25,Khemisset,63.734679163662584,
516,Mbarek bakay,Sefrou,1,Mtarnagha,0.476,Al Barkanyene,0.48,Berkane,63.80677721701514,
517,Mbarek El Bakay,Sefrou,1,Dar El Hamra,0.593,Dar El Hamra,0.593,Sefrou,63.8788752703677,
518,Massira I,Taza,1,Msila,0.571,Massa,0.714,Tiznit,63.95097332372026,
519,Massira 2,Taza,1,Msila,0.571,Massa,0.714,Tiznit,64.02307137707282,
520,Massira 2,Béni Mellal,1,Kasba Tadla,0.4,Massa,0.714,Tiznit,64.09516943042537,
521,Massira,Taza,1,Msila,0.667,Massa,0.833,Tiznit,64.16726748377793,
522,Massira,Ouezzane,1,Masmouda,0.533,Massa,0.833,Tiznit,64.2393655371305,
523,Menara,El Kelâa des Sraghna,1,Lamharra,0.571,Mnasra,0.833,Kénitra,64.31146359048306,
524,Menara,Boulemane,1,Ermila,0.333,Mnasra,0.833,Kénitra,64.38356164383562,
525,Bouhaira,Essaouira,1,Essaouira,0.588,Bouarfa,0.8,Figuig,64.45565969718818,
526,Bougumez,Azilal,1,Ouaouizaght,0.316,Aouguenz,0.75,Chtouka-Aït Baha,64.52775775054073,
527,Bougaala,Guelmim,1,Bouizakarne,0.526,Jouala,0.714,El Kelâa des Sraghna,64.59985580389329,
528,Bouezgar,Essaouira,1,Bouzemmour,0.556,Bouarg,0.714,Nador,64.67195385724585,
529,Bouderbala,Sefrou,1,Imouzzer Kandar,0.48,Boukraa,0.706,Laâyoune,64.74405191059842,
530,Bouchibat,Al Hoceïma,1,Boudinar,0.588,Boughriba,0.778,Berkane,64.81614996395098,
531,Bouchamate,Taounate,1,Bouadel,0.588,Bouhmame,0.778,Sidi Bennour,64.88824801730354,
532,Boubria,Berkane,1,Boughriba,0.75,Ourika,0.769,Al Haouz,64.96034607065609,
533,Boubaan,Nador,1,Bouarg,0.615,Boukraa,0.714,Laâyoune,65.03244412400865,
534,Bouazoune,Taounate,1,Ouaouzgane,0.737,Boulaouane,0.842,Sidi Bennour,65.10454217736121,
535,Bouaziar,Azilal,1,Azilal,0.571,Aziar,0.769,Agadir-Ida Ou Tanane,65.17664023071377,
536,Bouallou,Taounate,1,Bouarouss,0.706,Bouhlou,0.8,Taza,65.24873828406633,
537,Borj Mechkouk,Taounate,1,Bouhouda,0.476,Bir Mezoui,0.609,Khouribga,65.3208363374189,
538,Bolaajlat,Taroudant,1,Lamhara,0.5,Sidi Boulaalam,0.609,Essaouira,65.39293439077144,
539,Mtiwa,Chefchaouen,1,Amtar,0.6,Smià,0.667,Taza,65.465032444124,
540,Mrabih,Sidi Kacem,1,Bab Tiouka,0.375,Lamrabih,0.857,Ouezzane,65.53713049747657,
541,Moulay Bouchebla,Taounate,1,Moulay Ahmed Cherif,0.571,Moulay Bouchta,0.867,Moulay Yacoub,65.60922855082913,
542,Mouklata,Tétouan,1,Oued Laou,0.471,Oulad Mtaa,0.667,Al Haouz,65.68132660418169,
543,Moujahidin,Ouezzane,1,Bou Jedyane,0.476,Mouarid,0.706,Chichaoua,65.75342465753425,
544,Mly El Hassane,Tétouan,1,Mallalienne,0.4,Fam El Hisn,0.64,Assa-Zag,65.8255227108868,
545,Mhamid 1 N°31,Al Haouz,1,Oukaimeden,0.273,M'Hamid El Ghizlane,0.581,Zagora,65.89762076423936,
546,Mghassyne,Meknès,1,Mrhassiyine,0.8,Mrhassiyine,0.8,Meknès,65.96971881759193,
547,Mezdglia jorf,Sefrou,1,El Menzel,0.364,Mezguita,0.571,Ouarzazate,66.04181687094449,
548,Mestitef,Sidi Kacem,1,Selfat,0.286,Mesti,0.769,Sidi Ifni,66.11391492429705,
549,Mesnana,Guercif,1,Saka,0.545,Meskala,0.714,Essaouira,66.1860129776496,
550,Merna,Tinghir,1,Imider,0.545,Merija,0.727,Jerada,66.25811103100216,
551,Menzel,Sefrou,1,El Menzel,0.8,El Menzel,0.8,Sefrou,66.33020908435472,
552,Menara,Tiznit,1,Massa,0.545,Mnasra,0.833,Kénitra,66.40230713770728,
553,Menara,Taounate,1,Mezraoua,0.571,Mnasra,0.833,Kénitra,66.47440519105984,
554,Menara,Fquih Ben Salah,1,Hel Merbaa,0.5,Mnasra,0.833,Kénitra,66.5465032444124,
555,My Abdelkrim,Taounate,1,Moulay Ahmed Cherif,0.516,Moulay Abdelkrim,0.857,Moulay Yacoub,66.61860129776495,
556,My Abdelkarim,Taounate,1,Moulay Ahmed Cherif,0.5,Moulay Abdelkrim,0.828,Moulay Yacoub,66.69069935111752,
557,My Abdelkader,Sidi Kacem,1,Sidi Kacem,0.348,Moulay Abdelkader,0.867,Ouezzane,66.76279740447008,
558,Bojediane,Larache,1,Sidi Lyamani,0.381,Bou Jedyane,0.8,Ouezzane,66.83489545782264,
559,Bnimaati,Settat,1,Mniaa,0.615,Bni Ayat,0.75,Azilal,66.9069935111752,
560,Bni ahmed,Al Hoceïma,1,Bni Hadifa,0.632,Ben Ahmed,0.889,Khouribga,66.97909156452776,
561,Bni Saden,Sefrou,1,Bir Tamtam,0.421,Bni Said,0.824,Tétouan,67.05118961788031,
562,Bni Koulla,Ouezzane,1,Bni Quolla,0.8,Bni Quolla,0.8,Ouezzane,67.12328767123287,
563,Bni Amer,El Kelâa des Sraghna,1,Oulad Amer,0.556,Bni Ammart,0.778,Taounate,67.19538572458544,
564,Bkakacha,Settat,1,Dar Chaffai,0.421,Ayacha,0.714,Larache,67.267483777938,
565,Bit ghoulem,Taza,1,Bni Lent,0.526,Bni Faghloum,0.696,Chefchaouen,67.33958183129056,
566,Bit Ghouleme,Taza,1,Bni Lent,0.5,Boulemane,0.667,Boulemane,67.41167988464312,
567,Biban,Taounate,1,El Bibane,0.714,El Bibane,0.714,Taounate,67.48377793799567,
568,Berraka,Nador,1,Hassi Berkane,0.5,Braksa,0.769,Khouribga,67.55587599134823,
569,Berraca,Nador,1,Beni Ansar,0.353,Errachidia,0.706,Errachidia,67.62797404470079,
570,My AHMED CHRIF,Al Hoceïma,1,Bni Hadifa,0.417,Moulay Ahmed Cherif,0.848,Taounate,67.70007209805335,
571,N°114 H Biranzarane,Taroudant,1,Tinzart,0.4,Bir Anzarane,0.733,Oued Ed-Dahab,67.77217015140592,
572,Nkheila,Settat,1,Mniaa,0.5,N'khila,0.857,Khouribga,67.84426820475848,
573,"N 222,Hay Alfalah",Chtouka-Aït Baha,1,Ait Abdellah,0.483,Ait Harz Allah,0.581,El Hajeb,67.91636625811103,
574,Médina,Safi,1,Loualidia,0.4,Médiouna,0.857,Nouaceur,67.98846431146359,
575,Médina,Meknès,1,Oued Jdida,0.5,Médiouna,0.857,Nouaceur,68.06056236481615,
576,Mzlat,Tiznit,1,Massa,0.4,Mzilate,0.833,Chichaoua,68.13266041816871,
577,Mzioukat Chiadma,Essaouira,1,Zaouiat Ben Hmida,0.545,Zaouiat Cheikh,0.6,Khénifra,68.20475847152127,
578,My youssef,Meknès,1,Ouislane,0.444,Ouled Youssef,0.696,Fquih Ben Salah,68.27685652487384,
579,My driss,Meknès,1,Moulay Idriss Zarhoun,0.552,M'Diq,0.615,M'diq-Fnideq,68.34895457822638,
580,My abdellah cherif,Ouezzane,1,Moulay Abdelkader,0.629,Moulay Abdellah Amghar,0.7,El Jadida,68.42105263157895,
581,My El Hassan,Tétouan,1,Bni Arouss,0.364,Fam El Hisn,0.696,Assa-Zag,68.4931506849315,
582,My Driss,Meknès,1,Moulay Idriss Zarhoun,0.552,M'Diq,0.615,M'diq-Fnideq,68.56524873828407,
583,My Dris,Meknès,1,Moulay Idriss Zarhoun,0.5,M'Diq,0.667,M'diq-Fnideq,68.63734679163663,
584,My Bouaazza,Khénifra,1,Ouaoumana,0.5,Moulay Bouazza,0.8,Khemisset,68.70944484498918,
585,My Abdlkrim,Taounate,1,Moulay Ahmed Cherif,0.467,Moulay Abdelkrim,0.815,Moulay Yacoub,68.78154289834174,
586,My Abdellah Chrif,Ouezzane,1,Moulay Abdelkader,0.588,Moulay Abdellah Amghar,0.718,El Jadida,68.8536409516943,
587,Old Ayad,Béni Mellal,1,Ouled Yaïch,0.632,Oulad Ayad,0.889,Fquih Ben Salah,68.92573900504686,
588,Od Teima,Taroudant,1,Oulad Berhil,0.5,Ouled Teima,0.842,Inezgane-Aït Melloul,68.99783705839943,
589,Od Rahou Benaissa,Nador,1,Beni Ansar,0.444,Sidi Ahmed Benaissa,0.722,Ouezzane,69.06993511175199,
590,Od Malrk,Sidi Kacem,1,Oulad Nouel,0.421,Oulad M'Barek,0.667,Béni Mellal,69.14203316510454,
591,Od Kasaba,Taounate,1,Oudka,0.571,Ouled Aissa,0.6,Taroudant,69.2141312184571,
592,Od Illoul,Béni Mellal,1,Timoulilt,0.444,Oulad Imloul,0.762,El Kelâa des Sraghna,69.28622927180966,
593,Od Ghalem,Settat,1,Toualet,0.5,Ouled Ghanem,0.762,Sidi Bennour,69.35832732516222,
594,Od Bouchour,Settat,1,Oulad Abbou,0.545,Bouhlou,0.667,Taza,69.43042537851478,
595,Od Belhcen,Larache,1,Moulay Bousselham,0.444,Ain Lahcen,0.6,Tétouan,69.50252343186735,
596,Od Belahcen,Larache,1,Souaken,0.444,Ain Lahcen,0.667,Tétouan,69.5746214852199,
597,"O, Daoud",Taounate,1,Oulad Daoud,0.737,Oulad Daoud,0.737,Taounate,69.64671953857246,
598,O S B,Al Haouz,1,Sidi Badhaj,0.375,Oulad Sbih,0.533,El Kelâa des Sraghna,69.71881759192502,
599,O Akalay,Taroudant,1,Oualqadi,0.5,Saadla,0.571,Safi,69.79091564527758,
600,"N°80,Lot Almostakbal,Bloc3",Inezgane-Aït Melloul,1,Ait Melloul,0.167,Talmakante,0.4,Taroudant,69.86301369863014,
601,"N°39,Akniss",Taroudant,1,Lakhnafif,0.421,Lakhsas,0.471,Tiznit,69.9351117519827,
602,"N°20, Rue 958,Hay Salam",Agadir-Ida Ou Tanane,1,Ait Aissi Ihahane,0.256,Oulad Slama,0.424,Kénitra,70.00720980533525,
603,Ouadelabid,Azilal,1,Ouaoula,0.588,Bouadel,0.706,Taounate,70.07930785868781,
604,Ouad elabid,Azilal,1,Ouaoula,0.556,Oulad Saïd,0.762,Settat,70.15140591204037,
605,Ouad Almakhazine,Kénitra,1,Oulad Slama,0.593,Oued El Makhazine,0.848,Ouezzane,70.22350396539294,
606,Ouaadia,Al Hoceïma,1,Rouadi,0.769,Oualqadi,0.8,Taroudant,70.2956020187455,
607,Bensheikh,Al Haouz,1,Ouneine,0.375,Beni Chiker,0.6,Nador,70.36770007209806,
608,Bensergao,Azilal,1,Demnate,0.375,El Kansera,0.632,Khemisset,70.43979812545061,
609,Beni-Ounjel,Taounate,1,Bni Oulid,0.7,Bni Oual,0.737,Ouezzane,70.51189617880317,
610,Beni-Kissane,Taounate,1,Kissane,0.737,Bni Hassane,0.783,Azilal,70.58399423215573,
611,Beni guerfet,Larache,1,Bni Garfett,0.783,Bni Garfett,0.783,Larache,70.6560922855083,
612,Beni Saden,Sefrou,1,Bir Tamtam,0.4,Bni Said,0.778,Tétouan,70.72819033886086,
613,Beni Meraaz,Meknès,1,Ait Yaazem,0.476,Beni Mellal,0.727,Béni Mellal,70.8002883922134,
614,Beni Maraaz,Meknès,1,Nzala Bni Ammar,0.538,Bni Mathar,0.667,Jerada,70.87238644556597,
615,Beni Makada,Larache,1,Bni Garfett,0.455,Beni Malek,0.762,Ouezzane,70.94448449891853,
616,Bengrir,El Kelâa des Sraghna,1,Errafiaya,0.375,Ben Guerir,0.824,Rehamna,71.01658255227109,
617,Bendib,Sidi Slimane,1,Kceibya,0.462,Ben Taïeb,0.667,Driouch,71.08868060562365,
618,Old Bader,Ouezzane,1,Moulay Abdelkader,0.538,Oulad Berhil,0.667,Taroudant,71.16077865897621,
619,Ouled Jarrar,Tiznit,1,Ouijjane,0.4,Oulad Zarrad,0.75,El Kelâa des Sraghna,71.23287671232876,
620,Ouled Hammou,Fquih Ben Salah,1,Ouled Bourahmoune,0.69,Oued Laou,0.762,Tétouan,71.30497476568132,
621,Oulad-Taher,Taounate,1,Oulad Daoud,0.636,Oulad Amer,0.857,El Kelâa des Sraghna,71.37707281903388,
622,"Oulad-Kadour,",Taounate,1,Oulad Daoud,0.75,Oulad Mkoudou,0.769,Sefrou,71.44917087238645,
623,Oulad-Boundar,Taounate,1,Oulad Daoud,0.75,Oulad Moumna,0.8,Chichaoua,71.52126892573901,
624,Oulad allal,Meknès,1,Ait Ouallal,0.636,Oulad Salah,0.818,Nouaceur,71.59336697909157,
625,Oulad Tahar,Taounate,1,Oulad Daoud,0.636,Oulad Amghar,0.87,Al Hoceïma,71.66546503244412,
626,Oulad Jerrar,Tiznit,1,Ait Erkha,0.476,Oulad Zarrad,0.75,El Kelâa des Sraghna,71.73756308579668,
627,Oulaayoune,Essaouira,1,Moulay Bouzarqtoune,0.621,Laâyoune,0.889,Laâyoune,71.80966113914924,
628,Ouidane,El Kelâa des Sraghna,1,Taouzint,0.533,Al Ouidane,0.824,Marrakech,71.8817591925018,
629,Oughroud,Tinghir,1,Bou Azmou,0.471,Bouhouda,0.75,Taounate,71.95385724585437,
630,Oued laabid,Azilal,1,Agoudi N'Lkhair,0.538,Oued Naam,0.7,Errachidia,72.02595529920693,
631,Oued kassaba,Taounate,1,Oued Jemaa,0.636,Ouled Aissa,0.783,Taroudant,72.09805335255948,
632,Oued kasaba,Taounate,1,Oued Jemaa,0.667,Ouled Aissa,0.727,Taroudant,72.17015140591204,
633,Oued Lahmer,Taza,1,Oued Amlil,0.571,Oued Lakhdar,0.783,El Kelâa des Sraghna,72.2422494592646,
634,Ouald Rahou,Guercif,1,Houara Oulad Raho,0.714,Oulad Dahou,0.818,Inezgane-Aït Melloul,72.31434751261716,
635,Oum Rabii,Meknès,1,Oualili,0.625,Oum Rabia,0.889,Khénifra,72.38644556596972,
636,Oulkadi,Al Haouz,1,Ourika,0.615,Oualqadi,0.8,Taroudant,72.45854361932228,
637,Ouled jameâ,Moulay Yacoub,1,Oulad Mimoun,0.522,Oulad Amer,0.762,El Kelâa des Sraghna,72.53064167267483,
638,Ben Zit,Marrakech,1,Jbilate,0.286,Bni Zoli,0.667,Zagora,72.6027397260274,
639,Ben Tayeb,Nador,1,Beni Ansar,0.526,Ben Taïeb,0.889,Driouch,72.67483777937996,
640,Ben Charrou,Béni Mellal,1,Bni Bataou,0.571,Ben Maachou,0.727,El Jadida,72.74693583273252,
641,Ben CHEIKH,Al Haouz,1,Ouneine,0.353,Beni Chiker,0.762,Nador,72.81903388608508,
642,Becheine,Taza,1,Barkine,0.533,Bouchaouene,0.632,Guercif,72.89113193943764,
643,Baracca,Ouarzazate,1,Afra,0.545,Brachoua,0.667,Skhirate-Témara,72.96322999279019,
644,Baraacca,Taza,1,Jbarna,0.571,Brachoua,0.5,Skhirate-Témara,73.03532804614275,
645,Bani sadden,Sefrou,1,Aït Seghrouchen,0.462,Bni Said,0.737,Tétouan,73.10742609949531,
646,Bab tété,Ouarzazate,1,Télouet,0.4,Bab Berred,0.667,Chefchaouen,73.17952415284788,
647,Bab ramla,Taza,1,Bab Marzouka,0.571,Bab Taza,0.706,Chefchaouen,73.25162220620044,
648,Bab Mrouje,Taza,1,Bab Marzouka,0.727,Bab Marzouka,0.727,Taza,73.32372025955299,
649,Ouled aarfa,Taroudant,1,Ouled Aissa,0.727,Oulad Aarrad,0.783,El Kelâa des Sraghna,73.39581831290555,
650,Ouled Jirar,Tiznit,1,Ouijjane,0.316,Oued Jdida,0.762,Meknès,73.46791636625811,
651,Remla,Larache,1,Khemis Sahel,0.353,Ermila,0.727,Boulemane,73.54001441961067,
652,Rbat El khier,Sefrou,1,Dar El Hamra,0.56,Rbaa El Fouki,0.692,Taza,73.61211247296323,
653,Ras brouj,Settat,1,Machraa Ben Abbou,0.462,Ras Tabouda,0.7,Sefrou,73.6842105263158,
654,Ras Aghil,Sidi Kacem,1,Taoughilt,0.556,Ras Al Ain,0.632,Settat,73.75630857966834,
655,Ras Aghil,Meknès,1,Ras Ijerri,0.526,Ras Al Ain,0.632,Settat,73.8284066330209,
656,"R,Kheir",Sefrou,1,Kandar Sidi Khiar,0.417,Khenifra,0.667,Khénifra,73.90050468637347,
657,R kheir,Sefrou,1,Kandar Sidi Khiar,0.5,Mers El Kheir,0.7,Skhirate-Témara,73.97260273972603,
658,Quolla,Larache,1,Souk Tolba,0.5,Bni Quolla,0.75,Ouezzane,74.04470079307859,
659,Quartier Benkirane,Béni Mellal,1,Bni Zrantel,0.414,Hassi Berkane,0.581,Nador,74.11679884643115,
660,QUARTIER NAJMA RUE Espagne,Tanger-Assilah,1,Al Bahraoyine,0.256,Ait Naamane,0.486,El Hajeb,74.1888968997837,
661,Q-Industriel,Agadir-Ida Ou Tanane,1,Aqesri,0.444,Tindine,0.526,Taroudant,74.26099495313626,
662,Pres de lecole 6 novombre,Fès,1,Sidi Hrazem,0.167,Ras El Oued,0.222,Taounate,74.33309300648882,
663,Ousikiss,Tinghir,1,Ouaklim,0.4,Boukhrisse,0.667,Béni Mellal,74.40519105984139,
664,Ouriaa,Béni Mellal,1,Naour,0.545,Ourika,0.833,Al Haouz,74.47728911319395,
665,Ourbâa,Béni Mellal,1,Naour,0.545,Ourdana,0.769,Driouch,74.54938716654651,
666,Oum Rbie,Meknès,1,Ouislane,0.5,Oum Rabia,0.824,Khénifra,74.62148521989906,
667,S A El Hadi,Sidi Kacem,1,Selfat,0.471,Sidi Ahmed El Khadir,0.71,El Kelâa des Sraghna,74.69358327325162,
668,"Rue 516,Masdoura Inzgane",Inezgane-Aït Melloul,1,Inezgane,0.438,El Mansouria,0.5,Mohammedia,74.76568132660418,
669,Rue 309 Hay Moulay Rachid,Taroudant,1,Oulad Berhil,0.432,Moulay Brahim,0.579,Al Haouz,74.83777937995674,
670,BEN Maraaz,Meknès,1,Aïn Orma,0.444,El Marsa,0.667,Laâyoune,74.9098774333093,
671,B/jbel,Nador,1,Bni Sidel Jbel,0.6,Jbiel,0.727,El Kelâa des Sraghna,74.98197548666187,
672,B.sidel,Nador,1,Bni Sidel Jbel,0.571,Jbiel,0.667,El Kelâa des Sraghna,75.05407354001441,
673,B.M,Béni Mellal,1,Beni Mellal,0.286,Boumia,0.444,Midelt,75.12617159336698,
674,B.Louta,Nador,1,Bouarg,0.615,Louta,0.833,Al Hoceïma,75.19826964671954,
675,B.Elain,Chefchaouen,1,Bni Selmane,0.556,Belfaa,0.615,Chtouka-Aït Baha,75.2703677000721,
676,B.Bouchibat,Al Hoceïma,1,Boudinar,0.526,Bni Bouchibet,0.75,Taounate,75.34246575342466,
677,B.Bchir,Al Hoceïma,1,Chakran,0.429,Beni Bechir,0.667,Taounate,75.41456380677722,
678,"B,M",Béni Mellal,1,Beni Mellal,0.286,Boumia,0.444,Midelt,75.48666186012977,
679,Ribat El kheir,Sefrou,1,Dar El Hamra,0.538,Mers El Kheir,0.741,Skhirate-Témara,75.55875991348233,
680,Ribat El Kheir,Sefrou,1,Dar El Hamra,0.538,Mers El Kheir,0.741,Skhirate-Témara,75.6308579668349,
681,Riad Kostani,Meknès,1,Dar Oum Soltane,0.519,Had Kourt,0.571,Ouezzane,75.70295602018746,
682,Retba,Taounate,1,Ratba,0.8,Ratba,0.8,Taounate,75.77505407354002,
683,Sabati,Fès,1,Louadaine,0.4,Rabat,0.727,Rabat,75.84715212689257,
684,SI sidi yahya,Sidi Slimane,1,Sidi Al Kamel,0.538,Khemis Sidi Yahya,0.8,Khemisset,75.91925018024513,
685,S;Mokhfi,Taounate,1,Sidi El Mokhfi,0.636,Sidi El Mokhfi,0.636,Taounate,75.99134823359769,
686,S/Abdelah Cherif,Ouezzane,1,Sidi Ahmed Cherif,0.667,Sidi Ahmed Cherif,0.667,Ouezzane,76.06344628695025,
687,S.Sebt,Béni Mellal,1,Semguet,0.462,Assebbab,0.571,Guercif,76.13554434030281,
688,S.H.M'd,Taounate,1,Ras El Oued,0.333,M'Diq,0.5,M'diq-Fnideq,76.20764239365538,
689,S.H. M'ed,Taounate,1,Sidi Haj M’hamed,0.5,Sidi Haj M’hamed,0.5,Taounate,76.27974044700792,
690,S.Abderhma,Taounate,1,Jbabra,0.5,Sidi Abdelkrim,0.583,Berrechid,76.35183850036049,
691,S.A.S,Essaouira,1,Meskala,0.333,Sfassif,0.5,Khemisset,76.42393655371305,
692,S.A.Elhadi,Sidi Kacem,1,Selfat,0.5,Sahel Chamali,0.609,Larache,76.49603460706561,
693,"S,Abder",Taounate,1,Jbabra,0.462,Sidi Jaber,0.588,Béni Mellal,76.56813266041817,
694,"S,A,Ouhamed",Essaouira,1,Sidi H'Mad Ou Hamed,0.6,Bouhmame,0.632,Sidi Bennour,76.64023071377073,
695,"S,A,Chrif",Sidi Kacem,1,Taoughilt,0.333,Oulad Chrif,0.6,Taza,76.71232876712328,
696,"S,A,Benaissa",Sidi Kacem,1,Mkansa,0.444,Sidi Ahmed Benaissa,0.645,Ouezzane,76.78442682047584,
697,S Y B A,Al Haouz,1,Sidi Badhaj,0.444,Sidi M'Bark,0.556,Sidi Ifni,76.8565248738284,
698,S H O hamdtidzi,Essaouira,1,Sidi H'Mad Ou Hamed,0.588,Sidi H'Mad Ou Hamed,0.588,Essaouira,76.92862292718097,
699,Sas,Essaouira,1,Meskala,0.4,Sfassif,0.6,Khemisset,77.00072098053353,
700,Sarsar,Larache,1,Ksar Bjir,0.533,Smara,0.727,Es-Semara,77.07281903388609,
701,Sanit Rmel,Tétouan,1,Sahtryine,0.421,Ait Ouribel,0.667,Khemisset,77.14491708723864,
702,Samsa,Tétouan,1,Saddina,0.5,Sgamna,0.727,Khouribga,77.2170151405912,
703,B' sabsa,Taounate,1,El Bsabsa,0.75,El Bsabsa,0.75,Taounate,77.28911319394376,
704,B Sidel,Nador,1,Bni Sidel Jbel,0.667,Jbiel,0.667,El Kelâa des Sraghna,77.36121124729632,
705,B K,Sidi Kacem,1,Bab Tiouka,0.462,N'Kob,0.5,Tinghir,77.43330930064889,
706,Azou,Tinghir,1,Assoul,0.6,Azrou,0.889,Ifrane,77.50540735400145,
707,Azlaf,Nador,1,Al Aroui,0.462,Azla,0.889,Tétouan,77.577505407354,
708,Aychtoume,Taounate,1,Taounate,0.471,Chtouka,0.625,El Jadida,77.64960346070656,
709,Attaouia Chaaibia,El Kelâa des Sraghna,1,Laattaouia Ech-Chaybia,0.769,Laattaouia Ech-Chaybia,0.769,El Kelâa des Sraghna,77.72170151405912,
710,Assifane,Chefchaouen,1,Tassift,0.667,Ifrane,0.714,Ifrane,77.79379956741168,
711,As s Gharbia,Tinghir,1,Ait Sedrate Sahl El Gharbia,0.564,Had Al Gharbia,0.769,Tanger-Assilah,77.86589762076424,
712,As jbel oulia,Tinghir,1,Ferkla El Oulia,0.714,Ferkla El Oulia,0.714,Tinghir,77.9379956741168,
713,Aruit,Nador,1,Al Aroui,0.615,Targuist,0.769,Al Hoceïma,78.01009372746935,
714,Sahrij,Azilal,1,Aït Majden,0.375,Assahrij,0.857,El Kelâa des Sraghna,78.08219178082192,
715,Sidi Khyar,Sefrou,1,Kandar Sidi Khiar,0.667,Sidi Amar,0.737,Khénifra,78.15428983417448,
716,Sidi Ghayat,Al Haouz,1,Sidi Badhaj,0.636,Sidi Aayad,0.762,Midelt,78.22638788752704,
717,Sidi Driss,El Kelâa des Sraghna,1,Sidi Moussa,0.667,Sidi Aissa,0.8,Safi,78.2984859408796,
718,Sidi Brahim,Fès,1,Sidi Hrazem,0.727,Sidi Borja,0.762,Taroudant,78.37058399423215,
719,Sidi Amer Hadi,Sidi Kacem,1,Sidi Kacem,0.583,Sidi Ameur Al Hadi,0.875,Ouezzane,78.44268204758471,
720,Sidi Amer,Meknès,1,Nzala Bni Ammar,0.417,Sidi Amar,0.889,Khénifra,78.51478010093727,
721,Sidi Ahmed Zerrouk,Taza,1,Bab Marzouka,0.4,Sidi Ahmed Cherif,0.743,Ouezzane,78.58687815428983,
722,Sidi Ahmed Tadli,Sefrou,1,Sidi Youssef Ben Ahmed,0.526,Sidi Ahmed El Khadir,0.778,El Kelâa des Sraghna,78.6589762076424,
723,Sidi Abdellah Rhamna,Settat,1,Sidi Abdelkhaleq,0.667,Sidi Abdallah Ghiat,0.769,Marrakech,78.73107426099496,
724,Sekour,Boulemane,1,Missour,0.615,Nekkour,0.769,Al Hoceïma,78.8031723143475,
725,Sebt lgardane,Taroudant,1,El Guerdane,0.667,El Guerdane,0.667,Taroudant,78.87527036770007,
726,Sebt Lagfifat,Taroudant,1,Lakhnafif,0.455,Lagfifat,0.762,Chtouka-Aït Baha,78.94736842105263,
727,Sebt Kdim,Tétouan,1,Bni Karrich,0.4,Souk Kdim,0.667,Fahs-Anjra,79.01946647440519,
728,Sebt Bni Guerfet,Larache,1,Bni Garfett,0.667,Bni Garfett,0.667,Larache,79.09156452775775,
729,Sebt,Taroudant,1,Sidi Borja,0.286,Settat,0.6,Settat,79.16366258111032,
730,Sbt Lagfifat,Taroudant,1,Lakhnafif,0.476,Lagfifat,0.8,Chtouka-Aït Baha,79.23576063446286,
731,Sidi ghiate,Al Haouz,1,Ghmate,0.588,Sidi Ghanem,0.818,Chichaoua,79.30785868781543,
732,Sidi boujida,Fès,1,Ain Bida,0.6,Sidi Bouhria,0.833,Berkane,79.37995674116799,
733,Sidi ahmed Tadeli,Sefrou,1,Sidi Youssef Ben Ahmed,0.513,Sidi Ahmed Ou Abdellah,0.769,Taroudant,79.45205479452055,
734,Sidi Yahya,Sidi Slimane,1,Sidi Al Kamel,0.609,Sidi Yahya Zaer,0.8,Skhirate-Témara,79.52415284787311,
735,Aolos,Taroudant,1,Aoulouz,0.667,Aoulouz,0.667,Taroudant,79.59625090122567,
736,Anamer,Taroudant,1,Argana,0.5,Ameur,0.727,Salé,79.66834895457822,
737,Amsernat,Agadir-Ida Ou Tanane,1,Tamri,0.462,Ternata,0.667,Zagora,79.74044700793078,
738,Amkhlij,Al Haouz,1,Assaki,0.462,Mkhalif,0.714,Safi,79.81254506128334,
739,Amdnagh,Tinghir,1,Tinghir,0.429,Madagh,0.769,Berkane,79.8846431146359,
740,Amallal,Chefchaouen,1,Amtar,0.5,Tamallalt,0.875,El Kelâa des Sraghna,79.95674116798847,
741,Alwafae,Larache,1,Larache,0.429,Ahlaf,0.667,Benslimane,80.02883922134103,
742,Alquods,Taza,1,Galdamane,0.375,Aquermoud,0.625,Essaouira,80.10093727469358,
743,Alquds,Agadir-Ida Ou Tanane,1,Aqesri,0.5,Al Oued,0.615,Chefchaouen,80.17303532804614,
744,Alqods,Taza,1,Galdamane,0.4,Al Oued,0.615,Chefchaouen,80.2451333813987,
745,Sidi Yahia,Taounate,1,Sidi El Mokhfi,0.583,Sidi Aissa,0.8,Safi,80.31723143475126,
746,Sidi Mbraek,Sidi Ifni,1,Sidi M'Bark,0.818,Sidi M'Bark,0.818,Sidi Ifni,80.38932948810383,
747,Tabarante,Taounate,1,Tafrant,0.75,Targante,0.824,Essaouira,80.46142754145639,
748,TAOUNATEDouar,Taounate,1,Taounate,0.762,Taounate,0.762,Taounate,80.53352559480894,
749,Syba,Tinghir,1,Outerbat,0.333,Sbouya,0.6,Sidi Ifni,80.6056236481615,
750,Syba,Essaouira,1,Bizdad,0.4,Sbouya,0.6,Sidi Ifni,80.67772170151406,
751,Syba,Azilal,1,Tabant,0.4,Sbouya,0.6,Sidi Ifni,80.74981975486662,
752,Syba,Agadir-Ida Ou Tanane,1,Imsouane,0.333,Sbouya,0.6,Sidi Ifni,80.82191780821918,
753,Sraghna,Sefrou,1,Mtarnagha,0.625,Serghina,0.8,Boulemane,80.89401586157173,
754,Souk laarbia,Taounate,1,Oudka,0.471,Souk Tolba,0.636,Larache,80.96611391492429,
755,Souk Tlat,Sidi Kacem,1,Selfat,0.533,Souk Tolba,0.842,Larache,81.03821196827685,
756,Souk Lhad,Chefchaouen,1,Oued Malha,0.632,Souk Tolba,0.737,Larache,81.11031002162942,
757,Smd,Chichaoua,1,Saidate,0.4,Smià,0.571,Taza,81.18240807498198,
758,SidiAhmed Tadli,Sefrou,1,Sidi Youssef Ben Ahmed,0.486,Sidi Ahmed El Khadir,0.743,El Kelâa des Sraghna,81.25450612833454,
759,Sidi-Yahia Ben,Taounate,1,Sidi Yahya Bni Zeroual,0.667,Sidi Yahya Zaer,0.759,Skhirate-Témara,81.32660418168709,
760,Sidi-Yahia,Taounate,1,Sidi El Mokhfi,0.583,Sidi Aissa,0.8,Safi,81.39870223503965,
761,Sidi ouabdellah,Taroudant,1,Sidi Ahmed Ou Abdellah,0.811,Sidi Bouabdelli,0.867,Tiznit,81.47080028839221,
762,Sidi khyar,Sefrou,1,Kandar Sidi Khiar,0.667,Sidi Amar,0.737,Khénifra,81.54289834174477,
763,Taoujdate,El Hajeb,1,Ait Boubidmane,0.522,Taounate,0.824,Taounate,81.61499639509734,
764,Taouiyalt,Taroudant,1,Taroudant,0.667,Taouyalte,0.889,Al Haouz,81.6870944484499,
765,Tamzirt,Ouarzazate,1,Tarmigt,0.714,Taghzirt,0.8,Béni Mellal,81.75919250180245,
766,Tamsslout,Taroudant,1,Tamaloukte,0.737,Tameslouht,0.842,Al Haouz,81.83129055515501,
767,Tamsemen,Driouch,1,Temsamane,0.471,Tamezmoute,0.667,Zagora,81.90338860850757,
768,Tamassint,Al Hoceïma,1,Targuist,0.471,Tissint,0.75,Tata,81.97548666186013,
769,Tamaounza,Agadir-Ida Ou Tanane,1,Taghazout,0.556,Taounza,0.875,Azilal,82.0475847152127,
770,Tamait Oufella,Agadir-Ida Ou Tanane,1,Ida Ou Guelloul,0.483,Ait Ouallal,0.72,Zagora,82.11968276856526,
771,Tamadite,Taounate,1,Tamedit,0.8,Tamedit,0.8,Taounate,82.1917808219178,
772,Takyout,El Kelâa des Sraghna,1,Taouzint,0.667,Takoucht,0.8,Essaouira,82.26387887527036,
773,Taienest,Taza,1,Taïnaste,0.75,Taïnaste,0.75,Taza,82.33597692862293,
774,Tahar-Souk,Taounate,1,Thar Es-Souk,0.818,Thar Es-Souk,0.818,Taounate,82.40807498197549,
775,Tahar Souk,Taounate,1,Thar Es-Souk,0.818,Thar Es-Souk,0.818,Taounate,82.48017303532805,
776,Tabrent,Al Hoceïma,1,Targuist,0.533,Tabant,0.769,Azilal,82.55227108868061,
777,Tabolkhirte,Tinghir,1,Tinghir,0.444,Taourirt,0.632,Taourirt,82.62436914203316,
778,Tabarrant,Al Hoceïma,1,Chakran,0.5,Tabant,0.8,Azilal,82.69646719538572,
779,Tassaltant,Azilal,1,Tabant,0.625,Tasoultante,0.762,Marrakech,82.76856524873828,
780,Tassaltant,Al Haouz,1,Taouyalte,0.526,Tasoultante,0.762,Marrakech,82.84066330209085,
781,Tasouite,Tinghir,1,Assoul,0.571,Tagounite,0.824,Zagora,82.91276135544341,
782,Alhouda Bloc B N° 545,Agadir-Ida Ou Tanane,1,Ida Ou Kazzou,0.303,El Koudia El Beida,0.474,Taroudant,82.98485940879596,
783,Albassatine,Meknès,1,Mrhassiyine,0.545,Al Bahraoyine,0.667,Tanger-Assilah,83.05695746214852,
784,Al qods,Taza,1,Bab Boudir,0.471,Al Oued,0.714,Chefchaouen,83.12905551550108,
785,Al qods,Nador,1,Al Aroui,0.533,Al Oued,0.714,Chefchaouen,83.20115356885364,
786,Al masjid,Nador,1,Al Aroui,0.588,Al Mahbass,0.632,Assa-Zag,83.2732516222062,
787,Al Boustane,Meknès,1,Dar Oum Soltane,0.692,Al Ouidane,0.762,Marrakech,83.34534967555877,
788,Akdim,Tinghir,1,Ouaklim,0.667,Aklim,0.8,Berkane,83.41744772891131,
789,Akch hsiya,Tinghir,1,Aït Hani,0.444,Lakhsas,0.588,Tiznit,83.48954578226387,
790,Aity wassif,Tinghir,1,Ait Ouassif,0.818,Ait Ouassif,0.818,Tinghir,83.56164383561644,
791,Ait sedrat jbel,Tinghir,1,Ait Sedrate Jbel El Oulia,0.75,Ait Sedrate Jbel El Oulia,0.75,Tinghir,83.633741888969,
792,Ait s jbel,Tinghir,1,Ait Sedrate Jbel El Oulia,0.571,Bni Sidel Jbel,0.667,Nador,83.70583994232156,
793,Ait moussa,Zagora,1,Ait Ouallal,0.667,Sidi Moussa,0.762,El Kelâa des Sraghna,83.77793799567412,
794,Targha,Chefchaouen,1,Amtar,0.545,Mtarnagha,0.8,Sefrou,83.85003604902667,
795,Tmaloust,Ouezzane,1,Masmouda,0.5,Tamaloukte,0.778,Taroudant,83.92213410237923,
796,Tlat louta,Nador,1,Bni Sidel Louta,0.56,Tazouta,0.706,Sefrou,83.9942321557318,
797,Tlat Lamzam,Azilal,1,Ait Blal,0.421,Nzalat Laadam,0.667,Rehamna,84.06633020908436,
798,Tizki Akesri Tamraght,Agadir-Ida Ou Tanane,1,Aqesri,0.37,Sidi Ali Labrahla,0.526,Rehamna,84.13842826243692,
799,Tizi Oussli,Taza,1,Oued Amlil,0.381,Tizi Ouzli,0.857,Driouch,84.21052631578948,
800,Tislite,Azilal,1,Tisqi,0.667,Tlite,0.833,Ouarzazate,84.28262436914203,
801,Tirset,Azilal,1,Tisqi,0.545,Tisrasse,0.714,Al Haouz,84.35472242249459,
802,Tinzerte,Taroudant,1,Tinzart,0.8,Tigzmerte,0.824,Tata,84.42682047584715,
803,Tikiouine,Marrakech,1,Sid Zouine,0.632,Tizounine,0.778,Tata,84.49891852919971,
804,Tiguenziouine,Al Haouz,1,Tighedouine,0.75,Tinzouline,0.783,Zagora,84.57101658255228,
805,Tifirte,Azilal,1,Tifni,0.667,Tighirt,0.714,Tiznit,84.64311463590484,
806,Tidrara,Al Haouz,1,Tisrasse,0.533,Tendrara,0.8,Jerada,84.71521268925738,
807,Tazourakht,Al Hoceïma,1,Arbaa Taourirt,0.5,Taznakht,0.778,Ouarzazate,84.78731074260995,
808,Taughmerte,Taroudant,1,Toughmart,0.737,Toughmart,0.737,Taroudant,84.85940879596251,
809,Tassaltnt,Al Haouz,1,Taouyalte,0.556,Tasoultante,0.7,Marrakech,84.93150684931507,
810,Tassaltant,Marrakech,1,Tasoultante,0.762,Tasoultante,0.762,Marrakech,85.00360490266763,
811,Zaouia Nezzaghia,Settat,1,Oulad Sghir,0.519,Zaouia Annahlia,0.774,Chichaoua,85.0757029560202,
812,Zagmouzne,Taroudant,1,Talgjount,0.556,Zagmouzen,0.889,Al Haouz,85.14780100937274,
813,Zaazaa,Larache,1,Zaaroura,0.571,Azzaba,0.5,Sefrou,85.2198990627253,
814,Z.S.A.Kader,Al Hoceïma,1,Zouaiat sidi Abdelkader,0.471,Saka,0.533,Guercif,85.29199711607787,
815,Z'Rarka,Taounate,1,Zarkat,0.769,Zrarda,0.769,Taza,85.36409516943043,
816,Z'Mamra,Taounate,1,Zarkat,0.615,Zemamra,0.857,Sidi Bennour,85.43619322278299,
817,Wawirzagh,Azilal,1,Ouaouizaght,0.6,Ouaouizaght,0.6,Azilal,85.50829127613554,
818,Urbaine,Chefchaouen,1,Bni Selmane,0.444,Barkine,0.714,Taza,85.5803893294881,
819,Trik Alouahda,Taza,1,Tahla,0.444,Tabouda,0.6,Chefchaouen,85.65248738284066,
820,Trifa II,Berkane,1,Saidia,0.286,Tifariti,0.75,Es-Semara,85.72458543619322,
821,Tozrigutte,Tinghir,1,Outerbat,0.444,Tizguite,0.667,Ifrane,85.79668348954579,
822,Touilaa,Tétouan,1,Tétouan,0.571,Toulal,0.769,Meknès,85.86878154289835,
823,Touibla,Tétouan,1,Tétouan,0.571,Toulal,0.769,Meknès,85.9408795962509,
824,Touelaa,Tétouan,1,Oued Laou,0.625,Toufelaazt,0.824,Chtouka-Aït Baha,86.01297764960346,
825,Tnine el ouleja,Taounate,1,Ras El Oued,0.538,Tnine Amellou,0.714,Sidi Ifni,86.08507570295602,
826,Tnin Ait Rkha,Tiznit,1,Ait Erkha,0.727,Ait Erkha,0.727,Tiznit,86.15717375630858,
827,Ait Sdrat Shel Charqia,Ouarzazate,1,Skoura Ahl El Oust,0.4,Ait Sedrate Sahl Charkia,0.87,Tinghir,86.22927180966114,
828,ait amer,Tinghir,1,Aït Elfarsi,0.632,Aït Kamra,0.824,Al Hoceïma,86.3013698630137,
829,ait alouane,Tinghir,1,Ait Ouassif,0.636,Zaïtoune,0.737,Tétouan,86.37346791636625,
830,ait aliyahya,Tinghir,1,Aït Hani,0.6,Ait Yahya,0.857,Midelt,86.44556596971881,
831,ait aatab,Azilal,1,Ait Ouaarda,0.7,Ait Taleb,0.778,Rehamna,86.51766402307138,
832,ainzora,Nador,1,Zaïo,0.545,Aïn Zohra,0.875,Driouch,86.58976207642394,
833,ain chaib,Taroudant,1,Lamhadi,0.5,Ain Chair,0.889,Figuig,86.6618601297765,
834,agouti,Tinghir,1,Assoul,0.5,Aghouatim,0.8,Al Haouz,86.73395818312906,
835,____,Ouarzazate,1,Toundoute,0.0,Zrizer,0.0,Taounate,86.80605623648161,
836,Zoualet,Meknès,1,Toulal,0.615,Toualet,0.857,Settat,86.87815428983417,
837,Zouagha,Fès,1,Louadaine,0.5,Ounagha,0.857,Essaouira,86.95025234318673,
838,Zerhounia,Meknès,1,Ouislane,0.353,El Hagounia,0.7,Es-Semara,87.0223503965393,
839,Zelten,Essaouira,1,Tahelouante,0.471,Zerkten,0.769,Al Haouz,87.09444844989186,
840,Zeagngan,Nador,1,Zeghanghane,0.737,Zaggota,0.667,Sidi Kacem,87.16654650324442,
841,Zaouite ait Ishaq,Khénifra,1,Aït Ishaq,0.692,Aït Ishaq,0.692,Khénifra,87.23864455659697,
842,Zaouia S K,Tétouan,1,Zaouiat Sidi Kacem,0.714,Zaouiat Sidi Kacem,0.714,Tétouan,87.31074260994953,
843,ait bouallal,Tinghir,1,Ait Youl,0.7,Ait Ouallal,0.957,Zagora,87.38284066330209,
844,Ait mahdi,Tinghir,1,Aït Hani,0.706,Ait Mait,0.824,Driouch,87.45493871665465,
845,Ait maala,Azilal,1,Ait Blal,0.706,Ait Mzal,0.824,Chtouka-Aït Baha,87.52703677000721,
846,Ait kassi ouali,Tinghir,1,Ait Ouassif,0.615,Aït Youssef Ou Ali,0.727,Al Hoceïma,87.59913482335978,
847,Ait kassi,Tinghir,1,Ait Ouassif,0.8,Ait Ouassif,0.8,Tinghir,87.67123287671232,
848,Ait hamoyahya,Tinghir,1,Aït Hani,0.571,Ait Yahya,0.818,Midelt,87.74333093006489,
849,Ait hamou yahya,Boulemane,1,Almis Marmoucha,0.533,Ait Yahya,0.75,Midelt,87.81542898341745,
850,Ait halli ait Daoud,Khemisset,1,Sebt Aït Rahou,0.545,Ait Sidi Daoud,0.727,Marrakech,87.88752703677001,
851,Ait hadouch,Tinghir,1,Ait Youl,0.632,Ait Hammou,0.762,Rehamna,87.95962509012257,
852,Ait gmat,Tinghir,1,Aït Hani,0.625,Ait Mait,0.875,Driouch,88.03172314347512,
853,Ait boyoussef,Tinghir,1,Ait Ouassif,0.75,Ait Haddou Youssef,0.774,Taroudant,88.10382119682768,
854,Ait amar ouissa,Tinghir,1,Ait Ouassif,0.615,Aït Kamra,0.583,Al Hoceïma,88.17591925018024,
855,Ait ali imider,Tinghir,1,Imider,0.6,Ait Amira,0.696,Inezgane-Aït Melloul,88.2480173035328,
856,Ait aabou,Tinghir,1,Ait Youl,0.706,Ait Daoud,0.778,Essaouira,88.32011535688537,
857,Ait Tisslit,Béni Mellal,1,Ait Ouqabli,0.545,Tissint,0.667,Tata,88.39221341023793,
858,Ait Tislit,Béni Mellal,1,Ait Ouqabli,0.571,Ait Tamlil,0.7,Azilal,88.46431146359048,
859,ait tazrine,Tinghir,1,Aït Hani,0.632,Ait Zineb,0.8,Ouarzazate,88.53640951694304,
860,ait sakri,Tinghir,1,Aït Hani,0.706,Ait Said,0.824,Essaouira,88.6085075702956,
861,ait ouglif,Tinghir,1,Ait Youl,0.778,Ait Youl,0.778,Tinghir,88.68060562364816,
862,ait oglif,Tinghir,1,Ait Youl,0.706,Aglif,0.714,Essaouira,88.75270367700072,
863,ait messoud,Tinghir,1,Ait Youl,0.632,Ait Melloul,0.727,Inezgane-Aït Melloul,88.82480173035329,
864,ait mahdi,Tinghir,1,Aït Hani,0.706,Ait Mait,0.824,Driouch,88.89689978370583,
865,ait idit,Tinghir,1,Aït Hani,0.625,Ait Said,0.75,Essaouira,88.9689978370584,
866,ait iaala,Tinghir,1,Aït Elfarsi,0.5,Ait Iaaza,0.889,Taroudant,89.04109589041096,
867,ait hmoudene,Tinghir,1,Ait Youl,0.6,Ait Mimoune,0.783,Khemisset,89.11319394376352,
868,ait hmed,Tinghir,1,Aït Hani,0.625,Ait M'Hamed,0.842,Azilal,89.18529199711608,
869,ait hdouch,Tinghir,1,Ait Youl,0.667,Ait Daoud,0.737,Essaouira,89.25739005046864,
870,ait boyoysef,Tinghir,1,Ait Ouassif,0.609,Ait Haddou Youssef,0.667,Taroudant,89.32948810382119,
871,ait boyousef,Tinghir,1,Ait Youl,0.7,Ait Haddou Youssef,0.733,Taroudant,89.40158615717375,
872,ait bouyossef,Tinghir,1,Ait Ouassif,0.75,Ait Haddou Youssef,0.774,Taroudant,89.47368421052632,
873,ait boulmane,Tinghir,1,Ait Youl,0.7,Ait Boubidmane,0.846,El Hajeb,89.54578226387888,
874,ait boubker,Tinghir,1,Ait Youl,0.632,Sidi Boubker,0.783,Oujda-Angad,89.61788031723144,
875,bni enssar,Agadir-Ida Ou Tanane,1,Aziar,0.4,Beni Ansar,0.8,Nador,89.689978370584,
876,bizamame,Ouarzazate,1,Ouarzazate,0.444,Bir Tamtam,0.667,Sefrou,89.76207642393655,
877,beni bouyafrour,Nador,1,Bni Bouifrou,0.815,Bni Bouifrou,0.815,Nador,89.83417447728911,
878,ben souda,Fès,1,Ain Bou Ali,0.5,Bni Oual,0.706,Ouezzane,89.90627253064167,
879,bab zitouba,Taza,1,Bab Marzouka,0.696,Bab Tiouka,0.762,Sidi Kacem,89.97837058399423,
880,bab merzk,Taza,1,Bab Marzouka,0.762,Bab Marzouka,0.762,Taza,90.0504686373468,
881,"b,s,louta",Nador,1,Selouane,0.588,Louta,0.714,Al Hoceïma,90.12256669069936,
882,arroui,Nador,1,Al Aroui,0.714,Azrou,0.727,Ifrane,90.1946647440519,
883,anonizme,Tinghir,1,Alnif,0.462,Tagounite,0.588,Zagora,90.26676279740447,
884,amejjaw,Driouch,1,Amejjaou,0.8,Amejjaou,0.8,Driouch,90.33886085075703,
885,amdnagh,Tinghir,1,Tinghir,0.429,Madagh,0.769,Berkane,90.41095890410959,
886,amassine tondout,Tinghir,1,Assoul,0.455,Imintanoute,0.593,Chichaoua,90.48305695746215,
887,almasjid,Nador,1,Al Aroui,0.5,Lamssid,0.667,Boujdour,90.5551550108147,
888,aitali oyahya,Tinghir,1,Aït Hani,0.476,Ait Yahya,0.818,Midelt,90.62725306416726,
889,ait ziad,Tinghir,1,Aït Hani,0.625,Ait Said,0.75,Essaouira,90.69935111751983,
890,ait zelten,Essaouira,1,Tahelouante,0.476,Ait El Man,0.7,Boulemane,90.77144917087239,
891,bohrou,Tinghir,1,Bou Azmou,0.533,Bouhlou,0.769,Taza,90.84354722422495,
892,Ait Sdrat Ghrbia,Ouarzazate,1,Ait Oumdis,0.385,Ait Sedrate Sahl El Gharbia,0.744,Tinghir,90.91564527757751,
893,Ait Sadrat J oulioa,Tinghir,1,Ait Sedrate Jbel El Oulia,0.773,Ait Sedrate Jbel El Oulia,0.773,Tinghir,90.98774333093006,
894,Ait Rouadi,Béni Mellal,1,Ait Ouqabli,0.762,Ait Ouadrim,0.857,Chtouka-Aït Baha,91.05984138428262,
895,Ait Moussa Fadma,Ouarzazate,1,Ait Oumdis,0.538,Ait Ouaarda,0.741,Azilal,91.13193943763518,
896,Ait Moumen,Taza,1,Bab Marzouka,0.455,Ait Mimoune,0.762,Khemisset,91.20403749098774,
897,Ait Iaala,Tinghir,1,Aït Elfarsi,0.5,Ait Iaaza,0.889,Taroudant,91.2761355443403,
898,Ait Guirt,Azilal,1,Ait Ouaarda,0.6,Ait Ourir,0.778,Marrakech,91.34823359769287,
899,Ait Abou,Khemisset,1,Ait Ikkou,0.706,Ait Daoud,0.824,Essaouira,91.42033165104542,
900,Ainjamaa,Meknès,1,Aïn Orma,0.625,Ain Jemaa,0.824,Sidi Kacem,91.49242970439798,
901,Ainchgag,Sefrou,1,Ain Timguenai,0.476,Ain Cheggag,0.842,Fès,91.56452775775054,
902,AinDoreij,Ouezzane,1,Ain Dfali,0.556,Adrej,0.714,Boulemane,91.6366258111031,
903,Ain Taoujtat,El Hajeb,1,Ait Boubidmane,0.462,Ain Taoujdate,0.88,Moulay Yacoub,91.70872386445566,
904,Ain K ara,Moulay Yacoub,1,Ain Taoujdate,0.545,Ain Kansra,0.842,Fès,91.78082191780823,
905,Ain Chifa,Sefrou,1,Ain Timguenai,0.545,Ain Chkef,0.778,Fès,91.85291997116077,
906,Ain Chgaga,Sefrou,1,Mtarnagha,0.526,Ain Cheggag,0.857,Fès,91.92501802451334,
907,hamria,Ouezzane,1,Lamrabih,0.571,Lamrija,0.769,Guercif,91.9971160778659,
908,had mssila,Taza,1,Msila,0.667,H'Ssyia,0.706,Zagora,92.06921413121846,
909,ghigou,Sefrou,1,Aït Seghrouchen,0.381,Guigou,0.833,Boulemane,92.14131218457102,
910,dépisté à azrou,Larache,1,Rissana Janoubia,0.452,Ait Sebaa Lajrouf,0.438,Ifrane,92.21341023792358,
911,dr doultma,Essaouira,1,Sidi Boulaalam,0.5,Dar Oum Soltane,0.64,Meknès,92.28550829127613,
912,dr Afra,Ouarzazate,1,Afra,0.727,Afra,0.727,Ouarzazate,92.35760634462869,
913,douar ain sora,Taounate,1,Oulad Daoud,0.48,Oulad Ali Mansour,0.645,Chefchaouen,92.42970439798125,
914,douar OUDAD,Taounate,1,Oulad Daoud,0.636,Ouaoula,0.667,Azilal,92.50180245133382,
915,dalas,Béni Mellal,1,Dir El Ksiba,0.235,Dakhla,0.727,Oued Ed-Dahab,92.57390050468638,
916,centre,El Kelâa des Sraghna,1,Zemrane,0.462,Metrane,0.615,Sidi Bennour,92.64599855803894,
917,bouzlne,Taza,1,Bouyablane,0.706,Boulemane,0.75,Boulemane,92.71809661139149,
918,bouramana,Driouch,1,Ourdana,0.75,Ouaoumana,0.778,Khénifra,92.79019466474405,
919,bouqorra,Ouezzane,1,Kalaat Booqorra,0.609,Bouskoura,0.706,Nouaceur,92.86229271809661,
920,boujdiane,Larache,1,Souaken,0.5,Bou Jedyane,0.8,Ouezzane,92.93439077144917,
921,boujdian,Larache,1,Souaken,0.533,Oujda,0.769,Oujda-Angad,93.00648882480174,
922,booujediane,Larache,1,Souaken,0.444,Bou Jedyane,0.818,Ouezzane,93.07858687815428,
923,izourka,Tinghir,1,Outerbat,0.533,Ourika,0.769,Al Haouz,93.15068493150685,
924,imzoudar,Tinghir,1,Imider,0.571,Mzoudia,0.8,Chichaoua,93.2227829848594,
925,imghrane,Tinghir,1,Tinghir,0.533,Ighzrane,0.875,Taza,93.29488103821197,
926,ighrmloune,Tinghir,1,Aghbalou N'Kerdous,0.5,Tighedouine,0.667,Al Haouz,93.36697909156453,
927,ighmnigrane,Tinghir,1,Tinghir,0.556,Ighzrane,0.737,Taza,93.43907714491709,
928,igherme,Taroudant,1,Irherm,0.769,Irherm,0.769,Taroudant,93.51117519826964,
929,igermaouas,Driouch,1,Amejjaou,0.444,Ijarmaouas,0.8,Al Hoceïma,93.5832732516222,
930,idaogaylat,Taroudant,1,Ida Ou Gailal,0.696,Ida Ou Gailal,0.696,Taroudant,93.65537130497476,
931,ibrghosne,Tinghir,1,Tinghir,0.375,Tighedouine,0.6,Al Haouz,93.72746935832733,
932,iazanenn,Nador,1,Iaazzanene,0.778,Iaazzanene,0.778,Nador,93.79956741167989,
933,iatachne,Tinghir,1,Aït Hani,0.375,Tafetachte,0.667,Essaouira,93.87166546503245,
934,hdida,Tinghir,1,Tinejdad,0.462,Haddada,0.667,Kénitra,93.943763518385,
935,hay dari,Agadir-Ida Ou Tanane,1,Tadrart,0.533,Had Dra,0.667,Essaouira,94.01586157173756,
936,harmomou,Sefrou,1,Ahermoumou,0.778,Ahermoumou,0.778,Sefrou,94.08795962509012,
937,harmomo,Sefrou,1,Ahermoumou,0.706,Ahermoumou,0.706,Sefrou,94.16005767844268,
938,hamria,Taounate,1,Zarkat,0.5,Lamrija,0.769,Guercif,94.23215573179525,
939,Aguidir,Chichaoua,1,Ait Hadi,0.533,Iguidi,0.769,Al Haouz,94.30425378514781,
940,Agouidir,Chichaoua,1,Ighoud,0.571,Agoudim,0.8,Midelt,94.37635183850036,
941,Aglou,Agadir-Ida Ou Tanane,1,Taghazout,0.571,Aghbalou,0.769,Khénifra,94.44844989185292,
942,Aghwatime,Al Haouz,1,Aghouatim,0.778,Aghouatim,0.778,Al Haouz,94.52054794520548,
943,Aghbalo K,Sefrou,1,Aghbalou Aqorar,0.667,Aghbalou,0.824,Khénifra,94.59264599855804,
944,Agdime,Tinghir,1,Imider,0.5,Agoudim,0.769,Midelt,94.6647440519106,
945,Agdal,Fès,1,Ain Bida,0.462,Imgdal,0.727,Al Haouz,94.73684210526316,
946,Afellaisen,Chichaoua,1,Afalla Issen,0.818,Afalla Issen,0.818,Chichaoua,94.80894015861571,
947,Admam,Al Hoceïma,1,Senada,0.545,Oulad Zmam,0.667,Fquih Ben Salah,94.88103821196827,
948,Ad Sayeh,Essaouira,1,Sidi Ahmed Essayeh,0.615,Aday,0.667,Assa-Zag,94.95313626532084,
949,Abdellah Chefchaouni,Tinghir,1,Ferkla El Oulia,0.4,Chefchaouen,0.645,Chefchaouen,95.0252343186734,
950,Abdellah Chefchaouni,Ouarzazate,1,Afella N'Dra,0.438,Chefchaouen,0.645,Chefchaouen,95.09733237202596,
951,Abdellah Chefchaouni,Agadir-Ida Ou Tanane,1,Adaghas,0.37,Chefchaouen,0.645,Chefchaouen,95.16943042537851,
952,A/Hmmou,Al Hoceïma,1,Izemmouren,0.471,Ait Hammou,0.824,Rehamna,95.24152847873107,
953,jnan ward,Fès,1,Ain Kansra,0.421,Ain Harrouda,0.571,Médiouna,95.31362653208363,
954,jmaat abdellah,Al Haouz,1,Tameslouht,0.167,Ait Abdellah,0.846,Chtouka-Aït Baha,95.3857245854362,
955,municipalité nador,Nador,1,Nador,0.435,Sidi Ali Ben Hamdouche,0.5,El Jadida,95.45782263878876,
956,moujjou,Sefrou,1,Ahermoumou,0.588,Boujdour,0.667,Boujdour,95.52992069214132,
957,moqrisat,Ouezzane,1,Brikcha,0.4,Moqrisset,0.824,Chefchaouen,95.60201874549387,
958,mirna,Tinghir,1,Imider,0.545,Smià,0.667,Taza,95.67411679884643,
959,mezguitem,Taza,1,El Gouzate,0.421,Mezguita,0.824,Ouarzazate,95.74621485219899,
960,menzel,Sefrou,1,El Menzel,0.8,El Menzel,0.8,Sefrou,95.81831290555155,
961,marnissa,Taounate,1,Tissa,0.615,Massa,0.769,Tiznit,95.89041095890411,
962,lharte,Tinghir,1,Aït Elfarsi,0.353,Lahdar,0.667,Youssoufia,95.96250901225667,
963,lhart,Tinghir,1,Aït Elfarsi,0.375,Lahdar,0.727,Youssoufia,96.03460706560922,
964,lbour,Tinghir,1,Outerbat,0.462,Bourd,0.8,Al Hoceïma,96.10670511896178,
965,laksir,El Hajeb,1,Iqaddar,0.308,Laqsir,0.833,Moulay Yacoub,96.17880317231435,
966,lagnat,Béni Mellal,1,Oulad Gnaou,0.588,Lagnadiz,0.714,Khouribga,96.25090122566691,
967,kella,Tinghir,1,Toudgha El Oulia,0.381,Mellila,0.667,Benslimane,96.32299927901947,
968,karia ba med,Taounate,1,Ras El Oued,0.435,Karia Ba Mohamed,0.857,Moulay Yacoub,96.39509733237203,
969,karia ba ahmd,Taounate,1,Aïn Aïcha,0.455,Karia Ba Mohamed,0.828,Moulay Yacoub,96.46719538572458,
970,Ai Boussalef,Taza,1,Bouyablane,0.545,Ait Ouassif,0.696,Tinghir,96.53929343907714,
971,regragua,Essaouira,1,Sidi Aissa Regragui,0.519,Reggada,0.667,Tiznit,96.6113914924297,
972,regraga,Al Haouz,1,Agafay,0.462,Reggada,0.714,Tiznit,96.68348954578227,
973,rass lma,Nador,1,Hassi Berkane,0.476,Ras El Ma,0.824,Berkane,96.75558759913483,
974,rahouana,Nador,1,Selouane,0.5,Lahouaza,0.75,Settat,96.82768565248739,
975,qd ben aouda,Kénitra,1,Ben Mansour,0.609,Kariat Ben Aouda,0.714,Ouezzane,96.89978370583994,
976,ouledamghar,Driouch,1,Ourdana,0.556,Oulad Amghar,0.87,Al Hoceïma,96.9718817591925,
977,oued fes,Fès,1,Fès,0.545,Oued Zem,0.75,Khouribga,97.04397981254506,
978,oued Kasaba,Taounate,1,Oued Jemaa,0.667,Ouled Aissa,0.727,Taroudant,97.11607786589762,
979,omyache,Tinghir,1,Imilchil,0.4,Rouached,0.667,Fquih Ben Salah,97.18817591925018,
980,oled mhala,Taroudant,1,Ouled Aissa,0.667,Oued Malha,0.7,Chefchaouen,97.26027397260275,
981,oled bouchair,Settat,1,Oulad Abbou,0.583,Oulad Boughadi,0.741,Khouribga,97.3323720259553,
982,oled bouaziri,Settat,1,Oulad Abbou,0.583,Oulad Bourima,0.692,Taza,97.40447007930786,
983,o ghalem,Settat,1,Toualet,0.533,Ouled Ghanem,0.7,Sidi Bennour,97.47656813266042,
984,nakhla,Tétouan,1,Azla,0.6,Dakhla,0.833,Oued Ed-Dahab,97.54866618601298,
985,my abdelkrim,Taounate,1,Moulay Ahmed Cherif,0.516,Moulay Abdelkrim,0.857,Moulay Yacoub,97.62076423936554,
986,my abdelkader,Sidi Kacem,1,Sidi Kacem,0.348,Moulay Abdelkader,0.867,Ouezzane,97.69286229271809,
987,***,Taourirt,1,Taourirt,0.0,Zrizer,0.0,Taounate,97.76496034607065,
988,15 Gar,Taza,1,Ras Laksar,0.375,M'Garto,0.615,Khouribga,97.83705839942321,
989,zgangan,Nador,1,Zeghanghane,0.778,Zeghanghane,0.778,Nador,97.90915645277578,
990,zegota,Sidi Kacem,1,Zaggota,0.769,Zaggota,0.769,Sidi Kacem,97.98125450612834,
991,zayo,Nador,1,Zaïo,0.75,Zaïo,0.75,Nador,98.0533525594809,
992,tasouite,Tinghir,1,Assoul,0.571,Tagounite,0.824,Zagora,98.12545061283345,
993,tarmouchte,Tinghir,1,Outerbat,0.444,Tabaroucht,0.8,Béni Mellal,98.19754866618601,
994,taoujtat,El Hajeb,1,Agourai,0.533,Tazouta,0.8,Sefrou,98.26964671953857,
995,tamlalte,Tinghir,1,Imilchil,0.375,Tamallalt,0.824,El Kelâa des Sraghna,98.34174477289113,
996,takkad,Chtouka-Aït Baha,1,Tabia,0.545,Akka,0.8,Tata,98.4138428262437,
997,"sidi med b,lahcen",Taounate,1,Sidi M'Hamed Ben Lahcen,0.8,Sidi M'Hamed Ben Lahcen,0.8,Taounate,98.48594087959626,
998,sidi kamel,Larache,1,Sidi Lyamani,0.636,Sidi Al Kamel,0.87,Sidi Slimane,98.5580389329488,
999,sidi ahmed tadli,Meknès,1,Oued Jdida,0.308,Sidi Ahmed El Khadir,0.778,El Kelâa des Sraghna,98.63013698630137,
1000,sidi ahmed hamed,Essaouira,1,Sidi H'Mad Ou Hamed,0.743,Sidi H'Mad Ou Hamed,0.743,Essaouira,98.70223503965393,
1001,sidi A Tadeli Lalal yaza,Sefrou,1,Dar El Hamra,0.389,Sidi Allal Tazi,0.667,Kénitra,98.77433309300649,
1002,A/ Chefk,Al Haouz,1,Ahl Tifnoute,0.316,Ain Chkef,0.75,Fès,98.84643114635905,
1003,tighmatine,Tinghir,1,Tilmi,0.533,Tighmi,0.75,Tiznit,98.91852919971161,
1004,tazintest,Taroudant,1,Tizi N'Test,0.8,Tizi N'Test,0.8,Taroudant,98.99062725306416,
1005,tazakhte,Tinghir,1,Taghzoute N'Ait Atta,0.357,Taznakht,0.875,Ouarzazate,99.06272530641672,
1006,taynza,Tinghir,1,Tinejdad,0.286,Taza,0.8,Taza,99.13482335976929,
1007,A S gbel sofla,Tinghir,1,Ait Sedrate Jbel El Soufla,0.65,Ait Sedrate Jbel El Soufla,0.65,Tinghir,99.20692141312185,
1008,A S Scharkia,Tinghir,1,Ait Sedrate Sahl Charkia,0.667,Assaki,0.667,Al Haouz,99.27901946647441,
1009,A S S charkia,Tinghir,1,Ait Sedrate Sahl Charkia,0.703,Ait Sedrate Sahl Charkia,0.703,Tinghir,99.35111751982697,
1010,A S Jbel olia,Tinghir,1,Ait Sedrate Jbel El Oulia,0.684,Ait Sedrate Jbel El Oulia,0.684,Tinghir,99.42321557317952,
1011,A S J soufla,Tinghir,1,Ferkla Es-Soufla,0.714,Ferkla Es-Soufla,0.714,Tinghir,99.49531362653208,
1012,A S J oulia,Tinghir,1,Ferkla El Oulia,0.615,Rass Oumlil,0.636,Tan-Tan,99.56741167988464,
1013,A H yahya,Tinghir,1,Aït Hani,0.471,Ait Yahya,0.778,Midelt,99.6395097332372,
1014,7eme BISI,Taza,1,Msila,0.429,Mesti,0.429,Sidi Ifni,99.71160778658977,
1015,7Eme Bsi Melitaire,Taza,1,Msila,0.435,Ameur Seflia,0.533,Kénitra,99.78370583994233,
1016,7Eme Bsi,Taza,1,Msila,0.462,Mesti,0.615,Sidi Ifni,99.85580389329488,
1017,6éme BSI,Taza,1,Msila,0.462,Mesti,0.615,Sidi Ifni,99.92790194664744,
1018,15Eme Gare,Taza,1,El Gouzate,0.5,M'Garto,0.588,Khouribga,100.0,
