commune_id,name,area_km2
1,Aarab Sebbah Gheris,105.52783061028458
2,Aarab Sebbah Ziz,105.44904591632076
3,Abadou,105.3221576618962
4,Abaynou,108.0634045205079
5,Abdelghaya Souahel,101.55947453598492
6,Abou Lakhal,104.53505736828083
7,Abteh,109.23433096986264
8,Adaghas,106.10851788287982
9,Adar,106.91207734076306
10,Adassil,105.83532565971836
11,Aday,107.93436934892088
12,Adis,107.56099536176771
13,Adrej,102.94572461792268
14,Afalla Issen,105.95292319729924
15,Afella Ighir,107.5538086653687
16,Afella N'Dra,106.2070420878008
17,Aferkat,108.47980385506526
18,Afourar,104.6433205571957
19,Afra,106.2077359680552
20,Afsou,101.51768679404631
21,Agadir,106.63102411618456
22,Agadir Melloul,106.82015624875203
23,Agafay,105.4685428570956
24,Agdz,106.32527433196083
25,Aghbal,101.37061556684785
26,Aghbala,104.39070344204083
27,Aghbalou,104.10047909710556
28,Aghbalou Aqorar,102.64821194205433
29,Aghbalou N'Kerdous,105.23486713203602
30,Aghbar,106.0920336493291
31,Aghouatim,105.57506763748825
32,Aghouinite,114.26267816592008
33,Aglif,105.89718100707978
34,Agoudi N'Lkhair,104.88992523960769
35,Agoudim,104.4347627395764
36,Agourai,102.95548755978234
37,Aguelmam Azegza,103.7891091699712
38,Aguelmouss,103.55157966678962
39,Aguerd,105.52309253718704
40,Aguinane,106.97173922136426
41,Ahdil,105.30618046363816
42,Ahermoumou,102.73676781449467
43,Ahfir,101.35267419670708
44,Ahl Angad,101.67460001865402
45,Ahl Oued Za,102.16388239734806
46,Ahl Ramel,106.77744751656428
47,Ahl Sidi Lahcen,102.79501835186966
48,Ahl Tifnoute,106.0340655152686
49,Ahlaf,103.37950086873025
50,Ahmar Laglalcha,106.55794619908556
51,Ain Bida,102.53318359539844
52,Ain Blal,104.25648387894034
53,Ain Bni Mathar,102.49436550866812
54,Ain Bou Ali,102.35970642440952
55,Ain Chair,104.61404597316869
56,Ain Cheggag,102.67872364842333
57,Ain Chkef,102.56024204194546
58,Ain Dfali,101.77823120285757
59,Ain Dorbane-Lahlaf,103.67326253000647
60,Ain El Aouda,102.75499943550676
61,Ain Harrouda,102.9442377043888
62,Ain Jemaa,102.4221814412158
63,Ain Johra-Sidi Boukhalkhal,102.49915225338191
64,Ain Kaicher,103.97926079528406
65,Ain Kansra,102.38063585595228
66,Ain Karma-Oued Rommane,102.43403414264321
67,Ain Lahcen,100.59585455968045
68,Ain Legdah,102.31052784644999
69,Ain Lehjer,101.91243490588386
70,Ain Maatouf,102.00729815219529
71,Ain Mediouna,101.92765890317969
72,Ain Sbit,103.12729712203145
73,Ain Sfa,101.58649887610227
74,Ain Taoujdate,102.59249676414765
75,Ain Tazitounte,105.8735571699217
76,Ain Timguenai,102.67171294498257
77,Ain Tizgha,102.9347473247908
78,Ait Aadel,105.3245823434554
79,Ait Abdellah,107.28028315631673
80,Ait Aissi Ihahane,106.09758791839704
81,Ait Ali Ou Lahcen,102.48019430041313
82,Ait Amira,106.92262099450454
83,Ait Ammar,103.662921291776
84,Ait Ayach,104.07205286668614
85,Ait Baha,107.0144102871418
86,Ait Bazza,103.23647847864777
87,Ait Belkacem,102.72370340488851
88,Ait Ben Yacoub,103.70757233863696
89,Ait Blal,105.23416133178398
90,Ait Bou Oulli,105.36115394020453
91,Ait Boubidmane,102.69752742256969
92,Ait Boudaoud,106.42047758540139
93,Ait Boufoulen,107.90254619717598
94,Ait Bouyahya El Hajjama,102.66701009171084
95,Ait Daoud,105.88827404566109
96,Ait El Man,103.17678284039721
97,Ait Erkha,107.78632782772183
98,Ait Faska,105.38828436098993
99,Ait Haddou Youssef,106.11718981480226
100,Ait Hadi,105.56015865085647
101,Ait Hammou,104.62071819603443
102,Ait Harz Allah,102.8225507712923
103,Ait Hkim - Ait Yzid,105.45666469074786
104,Ait Iaaza,106.54244157951325
105,Ait Ichou,103.07813008641824
106,Ait Igas,106.45004235161468
107,Ait Ikkou,102.93220195593312
108,Ait Imour,105.37961394479498
109,Ait Issafen,107.54869127785787
110,Ait Izdeg,104.11876881774515
111,Ait M'Hamed,105.03271440789104
112,Ait Mait,101.20063522993587
113,Ait Makhlouf,106.42763674026355
114,Ait Malek,102.57765056518838
115,Ait Mazigh,104.85803544288501
116,Ait Melloul,106.72135076206177
117,Ait Milk,107.13693898357451
118,Ait Mimoune,102.92127163335681
119,Ait Mzal,107.05114178312942
120,Ait Naamane,102.91110902209766
121,Ait Ouaarda,104.70508584519848
122,Ait Ouabelli,108.0008789896965
123,Ait Ouadrim,107.06916583841667
124,Ait Ouafqa,107.72077553393319
125,Ait Ouallal,106.12408031034283
126,Ait Ouallal,102.68919143429957
127,Ait Ouassif,105.66994716902263
128,Ait Ouikhalfen,102.97679407219402
129,Ait Oullal Bitit,102.73010577680543
130,Ait Oum El Bekht,104.11101430817507
131,Ait Oumdis,105.44663108279929
132,Ait Ouqabli,104.49931110837497
133,Ait Ouribel,102.79294130206108
134,Ait Ourir,105.36533218529075
135,Ait Saadelli,104.14569961722009
136,Ait Said,105.50597989046946
137,Ait Sebaa Lajrouf,102.83294276241213
138,Ait Sedrate Jbel El Oulia,105.27482140413485
139,Ait Sedrate Jbel El Soufla,105.42261557630263
140,Ait Sedrate Sahl Charkia,105.80009503639303
141,Ait Sedrate Sahl El Gharbia,105.89516138518229
142,Ait Siberne,102.69999451935291
143,Ait Sidi Daoud,105.31042893603444
144,Ait Taguella,104.94074494903907
145,Ait Taleb,104.4262085496448
146,Ait Tamlil,105.45301547879353
147,Ait Yaazem,102.82436882099137
148,Ait Yadine,102.58030838868581
149,Ait Yahya,104.57684775977395
150,Ait Youl,105.64652410964482
151,Ait Zineb,105.9946514503099
152,Ajdir,101.57902751513757
153,Ajdir,101.05061714514159
154,Akarma,104.98146799346432
155,Akhfennir,109.2447912353091
156,Akka,107.7947450298816
157,Akka Ighane,107.12699808180332
158,Aklim,101.4386539447587
159,Aknoul,101.72292881575413
160,Al Aioun,101.81526481022593
161,Al Aroui,101.2690978468163
162,Al Bahraoyine,100.34935305756517
163,Al Barkanyene,101.22453684930224
164,Al Hamra,100.86128414026462
165,Al Haouafate,101.9562404975295
166,Al Hoceïma,101.00221654726192
167,Al Khalfia,104.24619929026812
168,Al Kharroub,100.79147619870491
169,Al Machouar Stinia,102.65348086110316
170,Al Mahbass,109.61773006571457
171,Al Manzla,100.61108081554994
172,Al Oued,100.96615490713157
173,Al Ouidane,105.28744989866391
174,Allougoum,107.1371824350208
175,Allyène,100.38566791079938
176,Almis Marmoucha,103.42377029918134
177,Alnif,105.86830806103535
178,Amalou,106.8940035472624
179,Amejjaou,101.12417932343669
180,Amellagou,104.84042305336334
181,Amersid,104.08361083571799
182,Amerzgane,106.03980803582817
183,Ameur,102.40570766152814
184,Ameur Chamalia,102.06279151141644
185,Ameur Seflia,102.18332417588681
186,Amgala,110.80209162691608
187,Amghras,105.75412603281438
188,Amizmiz,105.74848048947752
189,Ammelne,107.3769729686901
190,Amouguer,104.56004103692248
191,Amskroud,106.56105247139931
192,Amtar,101.06585934851319
193,Amtdi,107.9386893203482
194,Anemzi,104.54021201608703
195,Anergui,104.78444874635898
196,Anezi,107.43623239314184
197,Anfeg,107.70934551022947
198,Anjra,100.43278576619923
199,Anougal,105.86123863607645
200,Anzou,105.23581762053072
201,Aoufous,105.17401958722621
202,Aouguenz,107.2763701970689
203,Aouint Lahna,108.63142718980089
204,Aouint Yghomane,108.7015520632267
205,Aoulouz,106.36920281592757
206,Aourir,106.5226073791273
207,Aousserd,114.06129513215274
208,Aqesri,106.44447295647115
209,Aquermoud,105.12743252282962
210,Aquouass Briech,100.60783697385341
211,Arazane,106.58200367027894
212,Arbaa Aït Abdellah,107.79986495245248
213,Arbaa Aït Ahmed,107.34168650908396
214,Arbaa Rasmouka,107.30072175571695
215,Arbaa Sahel,107.50495879072696
216,Arbaa Taourirt,101.41301598283462
217,Arbaoua,101.40209670411423
218,Arekmane,101.22107806499116
219,Argana,106.28689575800672
220,Asjen,101.44176321290433
221,Askaouen,106.3327039447613
222,Asni,105.82016442110762
223,Asrir,108.34357716655359
224,Assa,108.55110459867865
225,Assads,106.8652353323996
226,Assahrij,105.10767499171197
227,Assais,106.08048145053908
228,Assaisse,106.47055287798867
229,Assaki,106.48559521138668
230,Assebbab,102.5887157949619
231,Assif El Mal,105.70209425501525
232,Assilah,100.70144824869931
233,Assoul,104.90674539958127
234,Atiamim,104.77791634108871
235,Atouabet,104.92593435244635
236,Ayacha,100.81619499111548
237,Ayir,104.16985607799143
238,Azaghar N'Irs,106.88599978666753
239,Azemmour,103.36951448628679
240,Azghar,102.30485652037896
241,Azgour,105.85755234444514
242,Aziar,106.23175093205646
243,Azilal,104.91461618896574
244,Azla,100.63524386612698
245,Aznaguen,106.73867311049253
246,Azrar,106.85763991903514
247,Azrou,103.1862416495569
248,Azzaba,102.73509879340418
249,Azzinate,100.50689346902072
250,Aïn Attig,102.6562822861597
251,Aïn Aïcha,102.01985625224188
252,Aïn Béida,101.37509680353105
253,Aïn Chouater,105.0317101534456
254,Aïn Leuh,103.3925324799493
255,Aïn Orma,102.62417782633565
256,Aïn Reggada,101.37432586727664
257,Aïn Zohra,101.70584488357417
258,Aït Abbas,105.16315757716075
259,Aït Bourzouine,102.95042289909907
260,Aït Elfarsi,105.67199537344277
261,Aït Hani,105.16504717897624
262,Aït Ishaq,104.03654512786306
263,Aït Kamra,101.10948645183817
264,Aït Majden,105.07859659241512
265,Aït Seghrouchen,102.54258222971112
266,Aït Youssef Ou Ali,101.0893781397026
267,Bab Berred,101.29392443108372
268,Bab Boudir,102.40423471410759
269,Bab Marzouka,102.27561049140058
270,Bab Taza,101.17473621317185
271,Bab Tiouka,102.25820095441304
272,Bahhara Oulad Ayad,101.59403428481892
273,Barkine,102.8423620632384
274,Bejaad,103.97910666046664
275,Belfaa,107.11040577013046
276,Belyounech,100.1936327458825
277,Ben Ahmed,103.62655881559476
278,Ben Guerir,104.60056828614324
279,Ben Khlil,108.60199571587145
280,Ben Maachou,103.48674334073439
281,Ben Mansour,101.7906458559446
282,Ben Smim,103.15427584433928
283,Ben Taïeb,101.24970029387623
284,Beni Ansar,100.9562412512023
285,Beni Bechir,101.56740422337316
286,Beni Chiker,100.90106395981275
287,Beni Ftah,101.8862101379782
288,Beni Malek,101.65425362251699
289,Beni Mellal,104.48725351132452
290,Benslimane,102.98416432319209
291,Berkane,101.38927420903929
292,Berrechid,103.39613118255511
293,Bghaghza,100.72682773205452
294,Bhalil,102.6906025048811
295,Bigoudine,106.319768903777
296,Bin El Ouidane,104.73194711143151
297,Biougra,106.85871251346543
298,Bir Anzarane,112.85812756465748
299,Bir Ennasr,103.31615864951164
300,Bir Gandouz,114.78096194099635
301,Bir Jdid,103.2661025011912
302,Bir Mezoui,103.88301382772624
303,Bir Taleb,102.10703902994283
304,Bir Tamtam,102.5428173521068
305,Bizdad,105.67893807636574
306,Bleida,106.81599262775853
307,Bni Abdellah,101.2447023158893
308,Bni Ahmed Charqia,101.49234019429423
309,Bni Ahmed Gharbia,101.52240225719288
310,Bni Ahmed Imoukzan,101.58740918943658
311,Bni Ammart,101.53443769109435
312,Bni Arouss,100.90179108991288
313,Bni Ayat,104.63608633633703
314,Bni Bataou,103.83992005279288
315,Bni Bouayach,101.16713410429657
316,Bni Bouchibet,101.653515313752
317,Bni Boufrah,101.20846404647455
318,Bni Bouifrou,101.11132842022926
319,Bni Bounsar,101.46189590799622
320,Bni Bouzra,100.96005097660236
321,Bni Chegdale,104.3585767946206
322,Bni Darkoul,101.23959605651908
323,Bni Drar,101.46786838478874
324,Bni Faghloum,101.40840607951395
325,Bni Frassen,102.07772790500894
326,Bni Garfett,101.00549631472677
327,Bni Gmil,101.21594335371628
328,Bni Gmil Maksouline,101.26926746754907
329,Bni Guil,104.35150726186112
330,Bni Hadifa,101.29811811470427
331,Bni Harchen,100.64514507097192
332,Bni Hassane,104.82730405824259
333,Bni Hilal,103.93841589428484
334,Bni Idder,100.74487636610866
335,Bni Karrich,100.6545367857907
336,Bni Khaled,101.46203157003038
337,Bni Khloug,104.12071479018778
338,Bni Leit,100.91862067044713
339,Bni Lent,102.10578188765794
340,Bni M'Hamed Sijelmassa,105.74262162810192
341,Bni Mansour,101.10783570283093
342,Bni Marghnine,101.07473720679991
343,Bni Mathar,102.54715665476397
344,Bni Oual,101.6957161007449
345,Bni Oukil,104.19788151280954
346,Bni Oukil Oulad M'Hand,101.33472137327772
347,Bni Oulid,101.86510971025564
348,Bni Ounjel Tafraout,101.70680328388698
349,Bni Quolla,101.59788764454424
350,Bni Rzine,101.2346466218587
351,Bni Said,100.77231871779077
352,Bni Salah,101.30776879843324
353,Bni Selmane,101.09223349951208
354,Bni Sidel Jbel,101.025656897109
355,Bni Sidel Louta,101.16914267209359
356,Bni Smih,101.1234690581914
357,Bni Smir,103.96321039786562
358,Bni Snous,102.08709486550651
359,Bni Tadjite,104.48591740964912
360,Bni Tsiriss,104.02591343270615
361,Bni Yagrine,104.02686054818332
362,Bni Yakhlef,102.93256900459528
363,Bni Ykhlef,103.73530095256865
364,Bni Zoli,106.56338145653717
365,Bni Zrantel,103.98677415028214
366,Bou Azmou,104.83743257564493
367,Bou Fekrane,102.80872188927606
368,Bou Jedyane,101.18112168600783
369,Bouabout,105.65961935278028
370,Bouabout Amdlane,105.78562156064436
371,Bouadel,101.85421042167582
372,Bouanane,104.62751928612124
373,Bouarfa,104.25842588231899
374,Bouarg,101.1398249543272
375,Bouarouss,102.03400287474506
376,Bouchabel,102.04122511972673
377,Bouchane,104.47199656954035
378,Bouchaouene,103.95011852658354
379,Bouchfaa,102.40695563959889
380,Boudinar,101.0470032976009
381,Boudnib,104.9235643404536
382,Boughriba,101.38770929840393
383,Bouguargouh,103.60404162527993
384,Bouguedra,104.60261869523674
385,Bouhlou,102.33224222692661
386,Bouhmame,104.17240650951862
387,Bouhouda,101.74260886688717
388,Bouizakarne,107.9678051955998
389,Boujdour,110.98774784523994
390,Boujniba,103.83347894530743
391,Boukhrisse,103.88579901703633
392,Boukraa,110.63012908631936
393,Boulanouare,103.85779854562134
394,Boulaouane,103.87608050368726
395,Boulemane,103.277680615196
396,Boumaiz,102.15494268061593
397,Boumalne Dadès,105.59384437906556
398,Boumerieme,103.91454853629693
399,Boumia,104.0863958846312
400,Bounaamane,107.56962976930663
401,Bounrar,106.75331116467714
402,Bouqachmir,103.11113834241405
403,Bourd,101.60956148407422
404,Bourrous,105.14229910587892
405,Bouskoura,103.14400467276573
406,Boutferda,104.55612137168646
407,Boutrouch,107.80313795851544
408,Bouya Omar,105.12764948559925
409,Bouyablane,102.79415252618492
410,Bouzemmour,105.97826795978472
411,Bouzeroual,106.53272515838034
412,Bouznika,102.80777719663456
413,Brachoua,102.85788494674489
414,Braksa,103.69213343365118
415,Brarha,101.96176557173021
416,Brikcha,101.36266027786769
417,Bzou,104.75840116292238
418,Casablanca,103.03643477149308
419,Ceuta,100.17604715074413
420,Chahda,104.481176096946
421,Chaibate,103.68098423071206
422,Chakran,101.4050749281887
423,Charqaoua,102.30759411118925
424,Chbanate,102.19161592167802
425,Chbika,108.94146481249481
426,Chefchaouen,101.08200787566602
427,Chellalate,102.9854552783072
428,Cherrat,102.79234527237713
429,Chichaoua,105.39303073007613
430,Choara,105.11044224258512
431,Chorfa M'Daghra,105.03006253042258
432,Chouafaa,101.36580646503717
433,Chougrane,103.75633527059108
434,Chouihia,101.52770106925163
435,Chtaiba,104.65358401741832
436,Chtouka,103.36928951554
437,Dakhla,113.20425126049668
438,Daoura,109.69460176350549
439,Dar Bel Amri,102.30077104642987
440,Dar Bouazza,103.08766560722142
441,Dar Chaffai,104.24225256638601
442,Dar Chaoui,100.58087229751982
443,Dar El Hamra,102.8698959974572
444,Dar El Kebdani,101.12188955093734
445,Dar Gueddari,102.00740912742913
446,Dar Jamaa,105.71300291083753
447,Dar Laaslouji,102.05570653756149
448,Dar Oulad Zidouh,104.47482311865315
449,Dar Oum Soltane,102.60140654048882
450,Dar Si Aissa,104.42368147149682
451,Dardara,101.14582267962396
452,Dayat Aoua,103.03317574574612
453,Dcheira,110.14674911973998
454,Dcheïra El Jihadia,106.67701065307483
455,Debdou,102.53602123260498
456,Demnate,105.17608566954732
457,Deroua,103.26093487348408
458,Dir El Ksiba,104.20593500277027
459,Dkhissa,102.58470442681573
460,Douirane,105.776606134139
461,Drargua,106.60311351064593
462,Driouch,101.32776819076389
463,Dzouz,105.02813926991075
464,Echatea El Abied,108.20340472552925
465,Echemmaia,104.79145658109337
466,Eddachra,104.63024331955239
467,Eddir,106.48457525018603
468,El Aamria,104.62346452614293
469,El Argoub,113.17947306204587
470,El Atef,102.77279911958613
471,El Attaouia,105.05759306019172
472,El Beddouza,104.24744670744985
473,El Bibane,101.75260282517411
474,El Borj,103.66736245458014
475,El Borouj,104.28224820131436
476,El Bsabsa,102.13666779734194
477,El Faid,106.49909772956744
478,El Foqra,104.06424210313708
479,El Gantour,104.6068653203547
480,El Gara,103.38544191047549
481,El Ghiate,104.8861990547739
482,El Gouraani,104.50612974818796
483,El Gouzate,101.90879465336911
484,El Guerdane,106.69156327238306
485,El Hagounia,109.87644964084029
486,El Hajeb,102.89907649345696
487,El Hammam,103.37052447372116
488,El Hanchane,105.41100783832371
489,El Jadida,103.43758577248082
490,El Kansera,102.48942617396824
491,El Kbab,104.09514588676393
492,El Kelâat Es-Sraghna,104.80751121835783
493,El Koudia El Beida,106.70441158628091
494,El Ksiba,104.22072770167142
495,El Maader El Kabir,107.27589164301753
496,El Majjatia Ouled Taleb,103.15096224332228
497,El Mansouria,102.8413090473041
498,El Marbouh,104.73584674205631
499,El Marsa,110.11530900280923
500,El Menzeh,102.68906282540411
501,El Menzel,102.71030370518565
502,El Mers,103.20237588975579
503,El Orjane,103.1752036025282
504,El Ouatia,108.68781530298293
505,En-nzala,104.34304958069697
506,Enjil,103.59557364601642
507,Er-Rich,104.56755336932838
508,Er-Rissani,105.70159716415219
509,Er-Rteb,105.30669500841759
510,Erfoud,105.51020699646324
511,Ermila,103.46169460215606
512,Ermilate,101.98673887411132
513,Errachidia,104.94680186291225
514,Errafiaya,104.70042685931548
515,Errouha,106.57882696180604
516,Es-Sfalat,105.73080168571323
517,Es-Sifa,105.6273306729272
518,Esbiaat,104.63638754794374
519,Essaouira,105.49357498716563
520,Ezzaouite,105.63384729297832
521,Ezzhiliga,103.33937957230955
522,Fam El Hisn,108.41773844370618
523,Fask,108.37591586168855
524,Fdalate,103.01784850331023
525,Fennassa Bab El Hit,101.73292192164809
526,Ferkla El Oulia,105.50184010528028
527,Ferkla Es-Soufla,105.3342355210334
528,Fezna,105.36695367726497
529,Fezouane,101.4131381995976
530,Fezouata,106.85318635660224
531,Fifi,101.36117608845234
532,Figuig,104.72553026868263
533,Fkih Ben Salah,104.28496811073273
534,Fnideq,100.2608752285596
535,Foqra Oulad Aameur,103.5519534717314
536,Foum El Anceur,104.46608778601512
537,Foum El Oued,110.18650035560131
538,Foum Jemaa,104.90385114401579
539,Foum Oudi,104.5803188062273
540,Foum Zguid,107.08973297895864
541,Fraita,104.93895554542542
542,Freija,106.55468969652429
543,Fritissa,102.88124438608065
544,Fès,102.48580100713298
545,Galaz,101.83930095331743
546,Galdamane,102.34136281674728
547,Gdana,103.75240553356707
548,Ghafsai,101.7540727481246
549,Ghassate,105.8188205352053
550,Gheris El Ouloui,105.17591775464825
551,Gheris Es-Soufli,105.20916594401933
552,Ghiata Al Gharbia,102.30328587838449
553,Ghmate,105.52521366300061
554,Ghouazi,101.98146437224932
555,Gleibat El Foula,113.51865393901244
556,Gmassa,105.52336133923382
557,Goulmima,105.22621767129749
558,Gourrama,104.38420373736881
559,Gteter,102.15589216467924
560,Guefait,102.20303246728145
561,Guelmim,108.1562966760248
562,Gueltat Zemmour,111.8659465177916
563,Guenfouda,101.97147624520585
564,Guercif,102.23257589782588
565,Guers Tiaallaline,104.61285081761889
566,Guettaya,104.20616265758872
567,Gueznaia,100.48238588031381
568,Guigou,103.2634760348592
569,Guir,104.5122415877413
570,Guisser,103.98393359035254
571,Gzenaya Al Janoubia,101.74421519949101
572,H'Ssyia,106.29839603859
573,Had Al Gharbia,100.69034561282024
574,Had Bouhssoussen,103.55407360219397
575,Had Boumoussa,104.55242367088795
576,Had Bradia,104.38244216749445
577,Had Dra,105.30615897709504
578,Had Kourt,101.77410534885712
579,Had Soualem,103.20710701029748
580,Haddada,102.28436983609572
581,Haouza,109.99671764997765
582,Haouzia,103.46279938472435
583,Harbil,105.1090421625413
584,Harhoura,102.60306835314259
585,Hassi Berkane,101.53226901835296
586,Hattane,103.89482039446011
587,Hel Merbaa,104.37140262778848
588,Hiadna,104.5828387318179
589,Hilala,107.03381626540795
590,Hjar Ennhal,100.50149233895354
591,Houara Oulad Raho,102.27874144073576
592,Houderrane,102.85529936244711
593,Hrara,104.38135141413659
594,Iaazzanene,101.00639370130375
595,Ibdar,107.68511137226596
596,Ibn Yacoub,107.07768890447915
597,Ichamraren,105.8547935266979
598,Ida Ou Aazza,105.81481538992375
599,Ida Ou Gailal,106.36371595226228
600,Ida Ou Gougmar,107.60826446861029
601,Ida Ou Guelloul,106.05996549036354
602,Ida Ou Kazzou,106.06038255104795
603,Ida Ou Moumen,106.45645715529099
604,Ida Ougnidif,107.18368112621829
605,Ida Ougoummad,106.30092117469758
606,Idelsane,106.07741047162563
607,Idmine,106.42502238601446
608,Ifarni,101.29291091510095
609,Ifrane,103.08901795791462
610,Ifrane Atlas-Saghir,107.92412404576316
611,Ighil,105.98769860342145
612,Ighil N'Oumgoun,105.43474520090967
613,Ighoud,105.03664351208135
614,Ighrem N'Ougdal,105.78652980318293
615,Ighzrane,102.80090601439588
616,Igli,106.43744991580024
617,Igoudar Mnabha,106.38022911734879
618,Iguerferouane,105.53477867739275
619,Iguidi,106.18193892389536
620,Ihaddaden,101.0492654023692
621,Ijarmaouas,101.23093577194959
622,Ijoukak,105.98836427368224
623,Ikniouen,105.78477139142342
624,Iksane,101.18432155740447
625,Imaouen,107.06364601990208
626,Imgdal,105.87694546952844
627,Imgrade,105.86764699500054
628,Imi Mqourn,106.9020803514868
629,Imi N'Fast,108.02947076037526
630,Imi N'Oulaoune,105.5337093914859
631,Imi N'Tayart,106.79565782099962
632,Imi N'Tlit,105.73705270979553
633,Imider,105.5462927413173
634,Imilchil,104.78166612819768
635,Imilmaiss,106.12794030131772
636,Imindounit,105.96009811293334
637,Imintanoute,105.79562556929886
638,Imlil,105.13847792940214
639,Imlili,114.1043405435048
640,Imoulass,106.26714458502829
641,Imouzzer,106.3572466452606
642,Imouzzer Kandar,102.84327609464526
643,Imouzzer Marmoucha,103.1524483372923
644,Imrabten,101.23709352547303
645,Imsouane,106.16654515219852
646,Imzouren,101.11763630597852
647,Inchaden,106.97667592391372
648,Inezgane,106.70192253030837
649,Iounane,101.2526554914657
650,Iqaddar,102.90551425539888
651,Irherm,106.99178914027289
652,Irigh N'Tahala,107.49428869131953
653,Irohalen,105.92082374123856
654,Isly,101.67555289517622
655,Issafen,107.23043907014653
656,Issaguen,101.41809822875075
657,Isseksi,104.62034556409344
658,Issen,106.60781083721668
659,Itzer,103.74655370181426
660,Izemmouren,101.0587492166087
661,Jaafra,104.4418633338064
662,Jabria,104.2111997869797
663,Jahjouh,102.98257237346843
664,Jaidate,105.21174485282972
665,Jamaat Shaim,104.4555205386132
666,Jaqma,103.36649741232395
667,Jbabra,101.982009785017
668,Jbarna,101.88270728755742
669,Jbel Lahbib,100.72583527280949
670,Jbiel,104.89892449835315
671,Jbilate,105.05852384818718
672,Jdiriya,109.93829935183749
673,Jdour,104.7409409401007
674,Jemaat Moul Blad,102.92464033188298
675,Jerada,102.1457921336405
676,Jnane Bouih,104.90445079933852
677,Jorf,105.44833714445122
678,Jorf El Melha,101.92007866129279
679,Jouala,104.98382095759735
680,Jouamaa,100.48876344854943
681,Jraifia,111.82913759816438
682,Kaf El Ghar,101.86521612177603
683,Kalaat Booqorra,101.5701558678411
684,Kalaat M'Gouna,105.73238579137251
685,Kandar Sidi Khiar,102.75338748842478
686,Karia Ba Mohamed,102.073207532987
687,Kariat Ben Aouda,101.57159685110673
688,Kasba Tadla,104.1793560674414
689,Kasbat Ben Mchich,103.29239190137014
690,Kasbat Sidi Abdellah Ben M'Barek,107.67042113654315
691,Kasbat Troch,103.78674118127674
692,Kceibya,102.16394681995735
693,Kechoula,105.39940346730873
694,Kerrouchen,103.96108087385073
695,Ketama,101.4387304445263
696,Khatazakane,104.6185122593306
697,Khemis Sahel,100.99218797218055
698,Khemis Sidi Yahya,102.76506352936849
699,Khemisset Chaouia,103.86873633554205
700,Khenifra,103.78307459061034
701,Khlalfa,101.69971361989155
702,Khmis Ksiba,104.27467768033966
703,Khnichet,101.99657988641411
704,Khouribga,103.85303713334724
705,Khouzama,106.12029191059992
706,Khémisset,102.72807983634993
707,Kissane,101.79748339764774
708,Korimate,105.48038367321715
709,Koudiat Bni Dghough,104.37238372955471
710,Kouzemt,105.9028739198111
711,Kridid,104.29809912201017
712,Krifate,104.23182174749672
713,Ksabi Moulouya,103.94877126137726
714,Ksar Bjir,101.31491651735269
715,Ksar Sghir,100.2955493927002
716,Ksar al Majaz,100.26359409326687
717,Ksar el-Kebir,101.28868956351653
718,Ktaoua,106.95343330921605
719,Kénitra,102.2065908452496
720,Laagagcha,104.23522507352754
721,Laajajra,102.28328591934405
722,Laamamra,104.98983384901658
723,Laamria,103.9217890528962
724,Laanoussar,102.95010021398775
725,Laaouama,100.43351202597842
726,Laaouinate,102.11156349489465
727,Laaounate,104.08028041990474
728,Laatamna,104.96333283465356
729,Laatatra,104.1842813254334
730,Laattaouia Ech-Chaybia,105.02003643475473
731,Labkhati,104.39789936318994
732,Labouirat,109.20699900807813
733,Labrikiyne,104.53623055899516
734,Labsara,101.68573621101677
735,Labyar,108.38296634750441
736,Lagdadra,105.37652771361172
737,Lagfaf,103.78272386733443
738,Lagfifat,106.7500284044072
739,Laghdir,101.2487168405205
740,Laghdira,103.35560559015721
741,Laghnadra,104.1237383200787
742,Laghnimyine,103.47665585530922
743,Laghoualem,103.26473053870723
744,Lagnadiz,103.51322724297643
745,Lahdar,104.35180821595713
746,Lahouaza,103.76115775108337
747,Lahraouyine,103.0672014481388
748,Lahsasna,103.4915707251057
749,Lahsinate,105.39197452599183
750,Lakhnafif,106.65364194009453
751,Lakhoualqa,104.79613506002352
752,Lakhsas,107.7618636363186
753,Lakhzazra,103.69923715898767
754,Lalla Aaziza,105.93359952792525
755,Lalla Mimouna,101.50544024026021
756,Lalla Takarkoust,105.63298034248874
757,Lamaachate,104.86481349123642
758,Lambarkiyine,103.45021860068664
759,Lamhadi,106.73558510560542
760,Lamhara,106.48900365224108
761,Lamharra,104.7983933663927
762,Lamharza Essahel,103.24772824905813
763,Lamjaara,101.76352626481093
764,Lamnizla,106.38724425854161
765,Lamrabih,101.93962604319677
766,Lamrasla,104.85105955973268
767,Lamrija,102.59937615832314
768,Lamsabih,104.53052333323285
769,Lamssid,111.04980733897537
770,Laouamra,101.20352515485138
771,Laqraqra,104.39253867557272
772,Laqsabi Tagoust,108.18156967265531
773,Laqsir,102.63247980829328
774,Larache,101.07025248091668
775,Laâtamna,101.26174168591388
776,Laâyoune,110.03781226882711
777,Lebkhata,102.30222542327829
778,Lehri,103.90614769002423
779,Lgharbia,104.19869819981977
780,Lkheng,104.94969991687685
781,Lmechrek,104.01378569984809
782,Louadaine,102.24325449042954
783,Loualidia,104.05051067750901
784,Loudaya,105.27064950205386
785,Loulad,103.72134017664939
786,Loulja,102.16387631976977
787,Lounasda,104.64803424896672
788,Louta,101.16006439458579
789,Lqliaa,106.74905168544501
790,M'Diq,100.39845870411955
791,M'Fassis,104.00215871538967
792,M'Garto,103.5185143314302
793,M'Hajer,101.16340457857586
794,M'Hamid El Ghizlane,107.3445952066686
795,M'Haya,102.47396866697818
796,M'Nabha,104.91639410052449
797,M'Qam Tolba,102.50031688157469
798,M'Ramer,105.22458591545
799,M'Saada,102.05429209722206
800,M'Semrir,105.18736725882627
801,M'Ssici,105.99538477626629
802,M'Tal,104.28348644264042
803,M'Zem Sanhaja,104.8769981181249
804,M'Zizel,104.67103525507264
805,M'Zouda,105.73340826574713
806,M'rirt,103.51567260012962
807,M'tioua,101.11754813254811
808,Maadna,103.81275618216023
809,Maatarka,103.54826835193671
810,Maaziz,102.878031689208
811,Machraa Ben Abbou,104.0853068139404
812,Machraa El Ain,106.68539212364703
813,Madagh,101.22979706188198
814,Maghraoua,102.57988189416938
815,Majjat,105.48460451792926
816,Majjate,102.75280894967727
817,Majmaa Tolba,102.85459276242182
818,Mallalienne,100.50041380524635
819,Malloussa,100.38154934509657
820,Mançoura,101.4875503492076
821,Marchouch,103.04054519953206
822,Marrakech,105.29088356951252
823,Martil,100.51888278545812
824,Masmouda,101.58348118909635
825,Massa,107.1320879291743
826,Matmata,102.39875852433033
827,Mayate,104.58578324783593
828,Mazguitam,101.90788301988505
829,Mechouar Kasbah,105.3228924293071
830,Mechra Bel Ksiri,101.81657733907923
831,Mechraa Hammadi,101.70666584465653
832,Mehdya,102.20734013523906
833,Mejji,105.36776101123542
834,Meknassa Acharqia,102.07648703735322
835,Meknassa Al Gharbia,102.18835285236128
836,Meknès,102.65705087431706
837,Melaab,105.46077317208983
838,Melga el Ouidane,101.87415755086113
839,Mellila,103.24674516450614
840,Merija,102.6054309150204
841,Mers El Kheir,102.66901706950739
842,Meskala,105.5657371240668
843,Meskoura,104.17813105648383
844,Messassa,102.20640989625826
845,Mestegmer,101.8898313161917
846,Mestferki,101.91622272424866
847,Mesti,107.86732422513887
848,Metrane,104.13664468517527
849,Mettouh,103.83745993906632
850,Mezguita,106.34225697000511
851,Mezraoua,101.88006989448331
852,Mibladen,103.95481551461853
853,Midar,101.37430486408994
854,Midelt,104.07619130681269
855,Mijik,113.16298677911982
856,Mikkes,102.36264780629426
857,Mirleft,107.60829635290429
858,Missour,103.6544152542483
859,Mkansa,102.11105971620418
860,Mkhalif,105.00573436683044
861,Mnasra,102.06816788483411
862,Mniaa,103.8887244425714
863,Mograne,101.97223656298593
864,Mogress,103.83088606502861
865,Moha Ou Hammou Zayani,103.75838685547933
866,Mohammédia,102.8873423836194
867,Moqrisset,101.38354666647501
868,Moualine el Oued,103.1760598225519
869,Mouarid,105.54746059700847
870,Moul El Bergui,104.2828766014427
871,Moulay Abdelkader,101.73551461682655
872,Moulay Abdelkrim,101.93961749458686
873,Moulay Abdellah Amghar,103.53208909882233
874,Moulay Ahmed Cherif,101.37317808857188
875,Moulay Aissa Ben Driss,104.75742567703128
876,Moulay Ali Chérif,105.68225606577471
877,Moulay Bouazza,103.40943592553958
878,Moulay Bouchta,101.89265520637855
879,Moulay Bousselham,101.44163859914988
880,Moulay Bouzarqtoune,105.25049237953499
881,Moulay Brahim,105.6387446988374
882,Moulay Driss Aghbal,102.85207526152954
883,Moulay Idriss Zarhoun,102.45026962226257
884,Moulay Yacoub,102.4109230702743
885,Mrhassiyine,102.51089133741334
886,Mrizigue,103.8914414010942
887,Msied,109.13134113652632
888,Msila,101.98073104489595
889,Mtalssa,101.45625203452073
890,Mtarnagha,102.6870591219049
891,Mzamza Janoubia,103.711110167671
892,Mzefroune,101.4770445828326
893,Mzilate,105.18719258578494
894,Mzoudia,105.2894252864644
895,Mzoura,103.90884016221389
896,Méchouar Fès Jdid,102.45168554922566
897,Méchouar de Casablanca,103.0211324961856
898,Médiouna,103.1646303171292
899,N'Kob,105.99595476035029
900,N'khila,103.80868500145152
901,Nador,101.07981560041662
902,Nagga,104.80914495885372
903,Naima,101.78295093472116
904,Naour,104.33211088809185
905,Nekkour,101.2762424708344
906,Nfifa,105.72719357721508
907,Nihit,106.74989991867915
908,Nouaceur,103.28073335904628
909,Nouirate,101.80806608567946
910,Nzala Bni Ammar,102.39466789597645
911,Nzalat Laadam,104.79086786787957
912,Ouad Essafa,106.85832060687244
913,Ouahat Sidi Brahim,105.17752993572503
914,Ouaklim,105.49195754923858
915,Oualili,102.40877433889546
916,Oualqadi,106.86790208797902
917,Ouaouizaght,104.65447232499719
918,Ouaoula,105.09690079279244
919,Ouaoumana,104.07140270411037
920,Ouaouzgane,101.25079024489969
921,Ouargui,105.05472659599036
922,Ouarzazate,106.06928725726902
923,Ouazguita,105.70476545160636
924,Ouazzane,101.54572038212791
925,Oudka,101.67274332954548
926,Oued Amlil,102.2921759719029
927,Oued El Makhazine,101.43567651323974
928,Oued Ifrane,103.5611855534371
929,Oued Jdida,102.59104777057655
930,Oued Jemaa,102.23072489071637
931,Oued L'Bour,105.78671077778563
932,Oued Lakhdar,104.98900064639747
933,Oued Laou,100.72710932185873
934,Oued Malha,101.39247674867511
935,Oued Naam,104.98791665956378
936,Oued Naanaa,103.71237671235576
937,Oued Zem,103.87024296307936
938,Ouijjane,107.45207407977432
939,Ouirgane,105.82924223784357
940,Ouislane,102.62035008496605
941,Ouisselsate,106.5295047708787
942,Ouizeght,103.89782944181934
943,Oujda,101.67379816353787
944,Oukaimeden,105.7540880185552
945,Oulad Aamer,104.78139690728858
946,Oulad Aamer Tizmarine,104.58458612766117
947,Oulad Aarrad,105.05530809937045
948,Oulad Abbou,103.5419044578448
949,Oulad Abdoune,103.87810303317383
950,Oulad Aissa,103.79630734678358
951,Oulad Aissa,103.65421996405348
952,Oulad Ali Mansour,100.84738341532648
953,Oulad Ali Toualaa,103.19852383574471
954,Oulad Ali Youssef,103.21690399176441
955,Oulad Amer,104.35168204689398
956,Oulad Amghar,100.99277062062174
957,Oulad Amrane,104.44163348153234
958,Oulad Ayad,104.63688419759274
959,Oulad Ayyad,102.40450076689012
960,Oulad Azzouz,103.98609467409551
961,Oulad Azzouz,103.12053831014782
962,Oulad Ben Hammadi,102.2268684944138
963,Oulad Berhil,106.39069471042603
964,Oulad Bouali Loued,104.72468134434894
965,Oulad Bouali Nouaja,104.14448526967317
966,Oulad Boubker,101.56120261084288
967,Oulad Boughadi,103.62668124353513
968,Oulad Bourima,102.02039635065012
969,Oulad Boussaken,104.22496551414952
970,Oulad Cebbah,103.3865083497949
971,Oulad Chbana,103.6203063102439
972,Oulad Cherki,104.54299247264862
973,Oulad Chrif,102.17431277548894
974,Oulad Dahou,106.68458602391183
975,Oulad Daoud,101.99382797349244
976,Oulad Daoud Zkhanine,101.27837043209001
977,Oulad El Garne,104.71892540715635
978,Oulad Fares,103.97454895451665
979,Oulad Fares El Halla,104.27306808903813
980,Oulad Fennane,103.59960465040058
981,Oulad Freiha,104.1610120809637
982,Oulad Frej,103.69749777019024
983,Oulad Ftata,103.49917916208506
984,Oulad Gnaou,104.49701106641442
985,Oulad Gouaouch,104.02751022065058
986,Oulad H'Cine,102.01345506939106
987,Oulad Hamdane,103.55206077778712
988,Oulad Hassoun,105.28049001004547
989,Oulad Hassoune Hamri,104.53146613994613
990,Oulad Hcine,103.64606288587674
991,Oulad Imloul,104.76779605355114
992,Oulad Khallouf,105.10431880597025
993,Oulad M'Barek,104.53354991972446
994,Oulad M'Hamed,103.57105337036774
995,Oulad M'Hammed,103.0812774359947
996,Oulad M'Rabet,105.31977918278426
997,Oulad Massaoud,104.60610254760832
998,Oulad Mimoun,102.23466471768916
999,Oulad Mkoudou,102.78413198282942
1000,Oulad Moumna,105.48261968465522
1001,Oulad Msabbel,104.51372789870948
1002,Oulad Mtaa,105.63764235982671
1003,Oulad Nacer,104.57301833573729
1004,Oulad Nouel,101.91189603391103
1005,Oulad Ouchih,101.21113287750632
1006,Oulad Rahmoune,103.49512361735106
1007,Oulad Said l'Oued,104.1793502564542
1008,Oulad Salah,103.28739338275045
1009,Oulad Salmane,104.73016577539966
1010,Oulad Saïd,103.75438101030886
1011,Oulad Sbaita,104.0961438762024
1012,Oulad Sbih,104.80701547395438
1013,Oulad Sghir,103.88009269814938
1014,Oulad Si Bouhya,104.02960730018094
1015,Oulad Sidi Ali Ben Youssef,103.6948356651701
1016,Oulad Slama,102.10135911079124
1017,Oulad Tayeb,102.61491487151943
1018,Oulad Yaacoub,104.84570104535669
1019,Oulad Yahia Lagraire,106.53492121421732
1020,Oulad Yahya Louta,103.06337359594181
1021,Oulad Zarrad,104.73785376176238
1022,Oulad Zbair,102.15671884501353
1023,Oulad Ziyane,103.22568440530449
1024,Oulad Zmam,104.42743563558906
1025,Ouled Aissa,106.49795096321031
1026,Ouled Bourahmoune,104.53454106161371
1027,Ouled Dlim,104.97801240114495
1028,Ouled Ghanem,103.93085552565753
1029,Ouled Ghziyel,102.68594845337793
1030,Ouled M'Rah,103.80992761347443
1031,Ouled Settout,101.39405632810667
1032,Ouled Sidi Abdelhakem,102.548361074063
1033,Ouled Teima,106.66836753720418
1034,Ouled Yaïch,104.37489306926727
1035,Ouled Youssef,104.21534448955208
1036,Ouled Zidane,103.2884064167738
1037,Oulmes,103.2460695784539
1038,Oum Dreyga,112.8889265214093
1039,Oum El Guerdane,107.72739150421694
1040,Oum Rabia,103.6224090224132
1041,Oumazza,102.72859983984381
1042,Ounagha,105.43312422512099
1043,Ouneine,106.15949864219874
1044,Ounnana,101.70693949516863
1045,Ourdana,101.2125199190341
1046,Ourika,105.62361425533891
1047,Ourtzagh,101.89399007847533
1048,Outabouabane,102.22394898044877
1049,Outat El Haj,103.30625885631889
1050,Outerbat,104.73723331675865
1051,Ouzioua,106.27394601004198
1052,Rabat,102.55678390385583
1053,Rahhala,105.61055968562141
1054,Ras Ain Rhamna,105.20746207330376
1055,Ras Al Ain,103.71777498256415
1056,Ras Asfour,101.87325015256647
1057,Ras El Ain,104.92383148754016
1058,Ras El Ma,101.1529452855466
1059,Ras El Oued,102.1060435413383
1060,Ras Ijerri,102.76049979683012
1061,Ras Laksar,102.57842166326009
1062,Ras Tabouda,102.47948556672782
1063,Rass Oumlil,108.51046729972586
1064,Ratba,101.57882942771539
1065,Rbaa El Fouki,102.04422045894898
1066,Rdadna Oulad Malek,103.2922709188424
1067,Reggada,107.59991186996922
1068,Rfala,104.71651012962684
1069,Rghioua,101.87200031243265
1070,Riah,103.50377499684691
1071,Rima,103.94883319176733
1072,Rislane,101.66092615306843
1073,Rissana Chamalia,100.96492919768207
1074,Rissana Janoubia,101.08263049507514
1075,Rommani,103.08539094496518
1076,Rouached,103.79177373694256
1077,Rouadi,101.0962689963635
1078,Saadla,104.47438801126555
1079,Sabaa Aiyoun,102.64033029973507
1080,Sabbah,102.75276453886181
1081,Saddina,100.5096409523394
1082,Safi,104.56304935738444
1083,Sahel Chamali,100.81631992338225
1084,Sahel Oulad H'riz,103.2963912631385
1085,Sahtryine,100.68845569575205
1086,Saidate,105.58270473964512
1087,Saidia,101.18272164743394
1088,Saka,101.85224070260301
1089,Salé,102.49803466629237
1090,Saniat Berguig,104.06923891883343
1091,Saâda,105.30054378183559
1092,Sbouya,107.97097681416199
1093,Sebaâ Rouadi,102.42564352368936
1094,Sebt Aït Rahou,103.36160429706797
1095,Sebt Ennabour,107.70862915320322
1096,Sebt Gzoula,104.72710532089695
1097,Sebt Loudaya,102.25874320417643
1098,Sebt Saiss,103.9749051341787
1099,Sefrou,102.72544249752536
1100,Sefsaf,101.84502913267352
1101,Selfat,102.23075644951314
1102,Selouane,101.23736608435865
1103,Semguet,104.13029322121292
1104,Senada,101.18963065859862
1105,Serghina,103.34689211053774
1106,Settat,103.71031356416643
1107,Sfafaa,102.11580767994747
1108,Sfassif,102.61091299192049
1109,Sgamna,104.02180046634749
1110,Shoul,102.61879000905901
1111,Si Hsaien Ben Abderrahmane,103.59105570241809
1112,Sid Zouine,105.27219222811982
1113,Sidi Aayad,104.50857343804091
1114,Sidi Abdallah,104.17924216808751
1115,Sidi Abdallah El Bouchouari,107.19900370342657
1116,Sidi Abdallah Ghiat,105.42233593948185
1117,Sidi Abdallah Ou Belaid,107.8396068951115
1118,Sidi Abdallah al Khayat,102.47548651369289
1119,Sidi Abdeljalil,105.07456009183079
1120,Sidi Abdelkhaleq,103.6107557178475
1121,Sidi Abdelkrim,103.49832203937694
1122,Sidi Abdellah Ou Said,106.21265353169292
1123,Sidi Abdelmoumen,105.67719159368426
1124,Sidi Abderrazak,102.48516237875447
1125,Sidi Abed,103.6723758643493
1126,Sidi Ahmed Benaissa,101.63911174749956
1127,Sidi Ahmed Cherif,101.83634788007475
1128,Sidi Ahmed El Khadir,104.28947771852836
1129,Sidi Ahmed Essayeh,105.7166358390823
1130,Sidi Ahmed Laaroussi,110.10636929236352
1131,Sidi Ahmed Ou Abdellah,106.7311067613773
1132,Sidi Ahmed Ou Amar,106.64180129067972
1133,Sidi Ahmed Ou Moussa,107.61201812047511
1134,Sidi Aissa,104.39033916126937
1135,Sidi Aissa Ben Ali,104.47324886126444
1136,Sidi Aissa Ben Slimane,104.92538980999961
1137,Sidi Aissa Regragui,105.2289099227637
1138,Sidi Al Kamel,101.84440140379593
1139,Sidi Ali,106.44140191189945
1140,Sidi Ali Belkassem,102.52810001757462
1141,Sidi Ali Ben Hamdouche,103.35674262372777
1142,Sidi Ali El Korati,105.0849547679536
1143,Sidi Ali Labrahla,104.64468035334721
1144,Sidi Ali bourakba,101.51283905166201
1145,Sidi Allal El Bahraoui,102.5144325136207
1146,Sidi Allal Lamsadder,102.65634844079614
1147,Sidi Allal Tazi,101.82365115452558
1148,Sidi Amar,103.80409406102262
1149,Sidi Ameur Al Hadi,101.54690600396134
1150,Sidi Azzouz,101.8607869874686
1151,Sidi Badhaj,105.61761878198013
1152,Sidi Bennour,104.11142523260787
1153,Sidi Bettache,103.1037434535101
1154,Sidi Bibi,106.8436574563384
1155,Sidi Boaal,107.07298301719129
1156,Sidi Borja,106.62362342281267
1157,Sidi Bou Othmane,104.96854820568115
1158,Sidi Bouabdelli,107.64769669575617
1159,Sidi Boubker,101.94461696664803
1160,Sidi Boubker,105.03819979215041
1161,Sidi Boubker El Haj,101.3907723762095
1162,Sidi Bouhria,101.67165654420387
1163,Sidi Bouknadel,102.3726495471783
1164,Sidi Boulaalam,105.22366009140387
1165,Sidi Boulenouar,101.88897433679085
1166,Sidi Boulkhalf,105.22444539982826
1167,Sidi Boumehdi,104.06842441251501
1168,Sidi Boumoussa,106.674041823484
1169,Sidi Bousber,101.82350670127198
1170,Sidi Boushab,106.99644947843626
1171,Sidi Boutayeb,103.64493797766045
1172,Sidi Boutmim,101.38354543107562
1173,Sidi Bouzid Arragragui,105.44869209546596
1174,Sidi Bouzineb,101.51886816578917
1175,Sidi Chiker,105.0686496286653
1176,Sidi Dahmane,106.53357840469107
1177,Sidi Daoud,102.20204506092705
1178,Sidi Eddahbi,103.63793371338397
1179,Sidi El Abed,102.13327323808335
1180,Sidi El Ghandour,102.67714029131457
1181,Sidi El Hattab,104.47034487174824
1182,Sidi El Jazouli,105.61265701334924
1183,Sidi El Makhfi,103.40405416674912
1184,Sidi El Mekki,103.42838578857481
1185,Sidi El Mokhfi,101.71992815216072
1186,Sidi El Mokhtar,105.32490223227069
1187,Sidi Ettiji,104.69754672655836
1188,Sidi Ghanem,105.8463786970824
1189,Sidi Ghanem,104.06767631135881
1190,Sidi Ghaneme,105.67469440214336
1191,Sidi H'Mad Ou Hamed,105.60798416147009
1192,Sidi H'Saine Ou Ali,107.77550567407161
1193,Sidi Haj M’hamed,101.5901203469839
1194,Sidi Hajjaj,103.80178433889523
1195,Sidi Hajjaj Oued Hassar,103.09741592593491
1196,Sidi Hammadi,104.55716265877709
1197,Sidi Hcine,103.66423745593056
1198,Sidi Hmad Ou M'Barek,106.16619119886309
1199,Sidi Hrazem,102.50827177916653
1200,Sidi Hsaine,106.59116799058393
1201,Sidi Ifni,107.7543516275473
1202,Sidi Ishaq,105.02584239747375
1203,Sidi Jaber,104.46936721168458
1204,Sidi Kacem,102.2482100725174
1205,Sidi Kaouki,105.56081148050725
1206,Sidi Laaroussi,105.07830089144409
1207,Sidi Lahsen,102.47403749660589
1208,Sidi Lamine,103.85499867401086
1209,Sidi Lyamani,100.83212756039575
1210,Sidi M'Bark,107.84749482385814
1211,Sidi M'Hamed Akhdim,103.93934389995411
1212,Sidi M'Hamed Ben Lahcen,102.24277759157121
1213,Sidi M'Hamed Chelh,101.93920471565798
1214,Sidi M'Hamed Dalil,105.54965346539393
1215,Sidi M'Hamed Ou Marzouq,105.16936285421252
1216,Sidi Mansour,104.34853580687195
1217,Sidi Mohamed Ben Mansour,101.68009230913594
1218,Sidi Mohamed Lahmar,101.60919875465333
1219,Sidi Mohammed Ben Rahal,104.01608995255083
1220,Sidi Moussa,104.5762674966827
1221,Sidi Moussa Ben Ali,103.05380552913994
1222,Sidi Moussa El Majdoub,102.96269518509507
1223,Sidi Moussa Lamhaya,101.80695660982747
1224,Sidi Moussa Lhamri,106.5424711452797
1225,Sidi Mzal,107.23663449194282
1226,Sidi Ouaaziz,106.25236494885758
1227,Sidi Ouassay,107.03040439309552
1228,Sidi Rahal Chatai,103.18811890622601
1229,Sidi Rahhal,105.2606684458442
1230,Sidi Redouane,101.69716074410826
1231,Sidi Slimane,102.19761180318892
1232,Sidi Slimane Echcharaa,101.40698499709833
1233,Sidi Slimane Moul Al Kifane,102.708535206737
1234,Sidi Smaïl,103.84507646784186
1235,Sidi Taibi,102.2953652171418
1236,Sidi Yacoub,105.28516778629273
1237,Sidi Yahya Bni Zeroual,101.6919293848332
1238,Sidi Yahya Ou Saad,104.17116851173341
1239,Sidi Yahya Ou Youssef,104.35991695499979
1240,Sidi Yahya Zaer,102.87255498114973
1241,Sidi Yahya du Gharb,102.1444569742307
1242,Sidi Youssef Ben Ahmed,102.70342396106571
1243,Sidi el Aïdi,103.60065062437207
1244,Siroua,106.30171913094819
1245,Skhirate,102.70141607429832
1246,Skhour Rhamna,104.3262333679013
1247,Skoura Ahl El Oust,105.9386950773187
1248,Skoura Lhadra,104.32563340989873
1249,Skoura M'Daz,103.06487688003108
1250,Smara,110.42931308690459
1251,Smimou,105.74220334365964
1252,Smià,102.51023736665957
1253,Souaken,101.14921221882105
1254,Soualem Trifiya,103.17051550699398
1255,Souihla,105.30643717106432
1256,Souk El Arba Du Gharb,101.69504347397014
1257,Souk Kdim,100.53935117926449
1258,Souk L'Qolla,101.15506983199157
1259,Souk Lakhmis Dades,105.72565961047076
1260,Souk Sebt Oulad Nemma,104.53095670416951
1261,Souk Tlet El Gharb,101.72161252098158
1262,Souk Tolba,101.20191842201166
1263,Sour El Aaz,105.03866199729964
1264,Stehat,100.92593634990044
1265,Sti Fadma,105.73022664850578
1266,Tabant,105.25235522305593
1267,Tabaroucht,104.71386635722592
1268,Tabia,107.09527464862913
1269,Tabia,104.87280895421281
1270,Tabouda,101.61146853212267
1271,Tachraft,103.97425700118765
1272,Taddart,102.27966904453933
1273,Tadighoust,104.9841948656831
1274,Tadrart,106.22484358586371
1275,Tafajight,103.01140035153367
1276,Tafedna,105.89213565317914
1277,Tafersit,101.26969585102051
1278,Tafetachte,105.29518118267879
1279,Tafingoult,106.24329899763688
1280,Tafoughalt,101.54786383698229
1281,Tafrant,101.71879457426257
1282,Tafraout,107.4126824149862
1283,Tafraout El Mouloud,107.448793141637
1284,Tafraouten,106.30542213097215
1285,Taftechna,106.38703972916119
1286,Tagant,107.98176816897467
1287,Taghazout,106.45317964022979
1288,Taghbalte,106.47063077567145
1289,Taghjijt,108.24712652340531
1290,Taghramt,100.28535632276908
1291,Taghzirt,104.38786428188905
1292,Taghzout,101.58398558502086
1293,Taghzoute N'Ait Atta,105.47593041113578
1294,Tagleft,104.6049900020007
1295,Tagmout,107.19999837735668
1296,Tagounite,107.14302583551034
1297,Tah,109.33395361108705
1298,Tahannaout,105.59588422626257
1299,Tahelouante,105.79569481452927
1300,Tahla,102.45628339168616
1301,Taifa,102.08277384843677
1302,Takate,105.23580855689943
1303,Takoucht,105.74843016872182
1304,Talambote,101.08698115195148
1305,Talat N'Yaaqoub,106.03460939368233
1306,Talgjount,106.25549348583445
1307,Talilit,101.12646278296597
1308,Taliouine,106.51221175352111
1309,Taliouine Assaka,108.11654455540702
1310,Talmakante,106.17559859948233
1311,Talmest,105.07404597569257
1312,Talsint,104.12007467728108
1313,Talzemt,103.05689853080548
1314,Tamaguert,105.38941288832575
1315,Tamallalt,105.06687609385699
1316,Tamaloukte,106.41861534258351
1317,Tamanar,105.98960334481671
1318,Tamanarte,107.9839609223418
1319,Tamazouzte,105.44085313705727
1320,Tamchachate,103.10521204723045
1321,Tamda,104.36217592004687
1322,Tamda Noumercid,104.93326841667295
1323,Tamedit,101.65591201395728
1324,Tamegroute,106.81858041067608
1325,Tameslouht,105.48773974273354
1326,Tamezmoute,106.20773707306944
1327,Tamorot,101.41543681174517
1328,Tamri,106.3329076715745
1329,Tamsaout,101.50944842770696
1330,Tan-Tan,108.73756151366979
1331,Tanalt,107.34111138060689
1332,Tanant,104.97241396876052
1333,Tanaqoub,101.11174946720712
1334,Tancherfi,102.05291660199873
1335,Tangarfa,107.87995290011168
1336,Tanger,100.34230895736255
1337,Tanougha,104.35924572264776
1338,Tanourdi,103.92043388681486
1339,Tansifte,106.38602695893496
1340,Taoughilt,102.01503288792446
1341,Taouloukoult,105.75488966703415
1342,Taounate,101.87192815798335
1343,Taounza,104.77273504668847
1344,Taourirt,102.02792296092957
1345,Taouyalte,106.19128713803366
1346,Taouz,106.14634570386261
1347,Taouzint,104.77444006502628
1348,Tarfaya,109.26881774002686
1349,Targa Wassay,108.0852963370271
1350,Targante,105.96069197636098
1351,Targua Ntouchka,107.19074737234041
1352,Targuist,101.36859535635449
1353,Tarmigt,106.15598374605179
1354,Taroudant,106.55002062907442
1355,Tarsouat,107.5806819377467
1356,Tasoultante,105.38402726734057
1357,Tassegdelt,106.92883324017748
1358,Tassift,100.91581031051464
1359,Tassousfi,106.60155124589801
1360,Tassrirt,107.47626746026799
1361,Tata,107.35292050149292
1362,Tataoute,106.80778353661299
1363,Tatoft,101.31539522204548
1364,Taza,102.25206715497188
1365,Tazaghine,101.07325062947348
1366,Tazarine,102.62272380315699
1367,Tazart,105.35460789408535
1368,Tazemmourt,106.73561451584101
1369,Taznakht,106.4705451973714
1370,Tazouta,102.91201928840019
1371,Tazroute,100.91273793694563
1372,Tazzarine,106.20937338587828
1373,Taïnaste,101.80984780518338
1374,Tekna,102.0957600697875
1375,Temsamane,101.16513662179932
1376,Temsia,106.70927146170288
1377,Tendrara,103.4659977798583
1378,Ternata,106.77858667564578
1379,Teroual,101.68151163356379
1380,Thar Es-Souk,101.73102453048341
1381,Tichla,114.79782153526321
1382,Tiddas,103.03572858963162
1383,Tidili Fetouaka,105.19652746012434
1384,Tidili Mesfioua,105.46557843778282
1385,Tidli,105.92518076486886
1386,Tidsi Nissendalene,106.89252744801342
1387,Tidzi,105.69458235288039
1388,Tifariti,110.70418934011832
1389,Tifarouine,101.26380216446705
1390,Tiffert N'Ait Hamza,104.53892139694653
1391,Tiflet,102.6422277437523
1392,Tifni,105.2748100864701
1393,Tighassaline,104.09433653112501
1394,Tighedouine,105.57456892775372
1395,Tighirt,107.74810923216864
1396,Tighmi,107.48707961384207
1397,Tiglit,108.60022034589201
1398,Tigouga,106.1739619281143
1399,Tigrigra,103.15125137520954
1400,Tigzmerte,107.37139291549101
1401,Tilemzoun,108.85186423920095
1402,Tilmi,105.03591145947576
1403,Tilougguite,104.85473291086964
1404,Timezgadiouine,106.09588027792051
1405,Timezgana,101.7282059029676
1406,Timhadit,103.41209521330893
1407,Timizguida-Ouftas,105.99535477673635
1408,Timlilt,105.98605049261823
1409,Timoulay,108.05857198359445
1410,Timoulilt,104.62993286456913
1411,Tindine,106.99442599900067
1412,Tinejdad,105.42635328159668
1413,Tinghir,105.41479400615208
1414,Tinzart,106.4022246869281
1415,Tinzouline,106.68126435554586
1416,Tioughza,107.67422847356647
1417,Tiouli,102.10842513409443
1418,Tiout,106.64322424866259
1419,Tiqqi,106.24257707083598
1420,Tisfane,106.88050492061302
1421,Tisqi,104.75563397817314
1422,Tisrasse,106.28232200630009
1423,Tissa,102.1625805660151
1424,Tissaf,103.31477518123575
1425,Tissint,107.43476372212172
1426,Tit Mellil,103.060415759217
1427,Tizaghte,107.51635451754555
1428,Tizgane,100.83116088109091
1429,Tizguine,105.70204163528979
1430,Tizguite,102.92461163247935
1431,Tizgzaouine,106.6684122798033
1432,Tizi N'Ghachou,103.95164451980963
1433,Tizi N'Test,106.18047833349556
1434,Tizi N'isly,104.31056679436006
1435,Tizi Ntakoucht,107.13142103282735
1436,Tizi Ouzli,101.60699035529979
1437,Tiznit,107.41702263476327
1438,Tizoughrane,107.5296575827524
1439,Tizounine,108.05633061518893
1440,Tiztoutine,101.34159940178506
1441,Tlauh,105.09002717258409
1442,Tleta Azlef,101.41320239449851
1443,Tlite,106.90522144595161
1444,Tnine Aday,107.40166752645746
1445,Tnine Aglou,107.34907344449311
1446,Tnine Amellou,107.84287396399304
1447,Toualet,103.99161656247452
1448,Touama,105.38163668476045
1449,Touarga,102.50977282505482
1450,Toubkal,105.97890155855566
1451,Toudgha El Oulia,105.3495779093355
1452,Toudgha Essoufla,105.47756201843731
1453,Toufelaazt,107.03368554450572
1454,Toughmart,106.63633063388988
1455,Touissit,101.93719816871453
1456,Touizgui,108.62195234047249
1457,Toulal,102.64506233367138
1458,Toumliline,107.14358158176765
1459,Toundoute,105.63499459903687
1460,Tounfit,104.31745667895302
1461,Traiba,102.02109615365043
1462,Trougout,101.06498415651731
1463,Tsaft,101.34657032438554
1464,Télouet,105.67399193299934
1465,Témara,102.62857933808118
1466,Tétouan,100.57742823217995
1467,Youssoufia,104.57835133979097
1468,Zaaroura,101.01189342350699
1469,Zag,109.02709859795868
1470,Zaggota,102.29659915808588
1471,Zagmouzen,106.4243951337412
1472,Zagora,106.7081344963517
1473,Zaouia Annahlia,105.7483049267903
1474,Zaouia Sidi Tahar,106.54025911120698
1475,Zaouiat Ahansal,105.04161155899055
1476,Zaouiat Ben Hmida,105.1704306374304
1477,Zaouiat Cheikh,104.12756223208271
1478,Zaouiat Lakouacem,103.81061572395265
1479,Zaouiat Saiss,103.88878645934165
1480,Zaouiat Sidi Ben Hamdoun,103.5950282192789
1481,Zaouiat Sidi Hamza,104.35845180274919
1482,Zaouiat Sidi Kacem,100.70376464631408
1483,Zarkat,101.42027564463206
1484,Zaïda,103.94000891968608
1485,Zaïo,101.36998418264557
1486,Zaïtoune,100.66723598749377
1487,Zeghanghane,101.10476509016007
1488,Zegzel,101.39880834694486
1489,Zemamra,104.15587016334757
1490,Zemrane,105.20286704180762
1491,Zemrane Charqia,105.13805888453498
1492,Zerkten,105.54768539685756
1493,Zghira,101.72378260921687
1494,Ziaida,103.12896375078708
1495,Zinat,100.76418048329651
1496,Zirara,102.25224064965732
1497,Znada,104.81378021277487
1498,Zouada,101.2370414910838
1499,Zouaiat sidi Abdelkader,101.38959163147956
1500,Zoug,114.82729103136808
1501,Zoumi,101.55307865166105
1502,Zrarda,102.60320081422105
1503,Zrizer,101.79325996385887
