region,province,commune,latitude,longitude
Béni Mellal-Khénifra,Azilal,Agoudi N'Lkhair,31.979971,-6.494068
Béni Mellal-Khénifra,Azilal,Ait Blal,31.677415,-6.699474
Béni Mellal-Khénifra,Azilal,Ait Bou Oulli,31.565143,-6.630486
Béni Mellal-Khénifra,Azilal,Ait M'Hamed,31.854783,-6.514304
Béni Mellal-Khénifra,Azilal,Ait Mazigh,32.00787,-6.354025
Béni Mellal-Khénifra,Azilal,Ait Ouaarda,32.141378,-6.53308
Béni Mellal-Khénifra,Azilal,Ait Taguella,31.935466,-6.739462
Béni Mellal-Khénifra,Azilal,Ait Tamlil,31.483706,-6.848471
Béni Mellal-Khénifra,Azilal,Azilal,31.958355,-6.579075
Béni Mellal-Khénifra,Azilal,Aït Abbas,31.740033,-6.615391
Béni Mellal-Khénifra,Azilal,Aït Majden,31.814463,-6.918951
Béni Mellal-Khénifra,Azilal,Bin El Ouidane,32.117967,-6.470435
Béni Mellal-Khénifra,Azilal,Bni Ayat,32.201445,-6.665729
Béni Mellal-Khénifra,Azilal,Bni Hassane,32.034735,-6.923799
Béni Mellal-Khénifra,Azilal,Demnate,31.72864,-7.014252
Béni Mellal-Khénifra,Azilal,Ighil N'Oumgoun,31.499918,-6.258334
Béni Mellal-Khénifra,Azilal,Imi N'Oulaoune,31.412013,-6.536584
Béni Mellal-Khénifra,Azilal,Imlil,31.761772,-7.011813
Béni Mellal-Khénifra,Azilal,Moulay Aissa Ben Driss,32.095747,-6.727326
Béni Mellal-Khénifra,Azilal,Ouaoula,31.798365,-6.785562
Béni Mellal-Khénifra,Azilal,Rfala,32.131423,-6.880997
Béni Mellal-Khénifra,Azilal,Sidi Boulkhalf,31.68599,-6.844411
Béni Mellal-Khénifra,Azilal,Tabant,31.661352,-6.328153
Béni Mellal-Khénifra,Azilal,Tabia,31.994948,-6.842146
Béni Mellal-Khénifra,Azilal,Tamda Noumercid,31.942017,-6.617483
Béni Mellal-Khénifra,Azilal,Tanant,31.907704,-6.92642
Béni Mellal-Khénifra,Azilal,Taounza,32.082389,-6.624243
Béni Mellal-Khénifra,Azilal,Tifni,31.641517,-6.951209
Béni Mellal-Khénifra,Azilal,Tisqi,32.09731,-6.81338
Béni Mellal-Khénifra,Azilal,Zaouiat Ahansal,31.846968,-6.069479
Béni Mellal-Khénifra,Béni Mellal,Afourar,32.195152,-6.518305
Béni Mellal-Khénifra,Béni Mellal,Ait Ouqabli,32.320219,-6.012975
Béni Mellal-Khénifra,Béni Mellal,Anergui,32.072165,-5.928429
Béni Mellal-Khénifra,Béni Mellal,Beni Mellal,32.330671,-6.367166
Béni Mellal-Khénifra,Béni Mellal,Bni Bataou,32.887457,-6.244989
Béni Mellal-Khénifra,Béni Mellal,Bni Zrantel,32.761883,-6.160386
Béni Mellal-Khénifra,Béni Mellal,Boukhrisse,32.848272,-6.189838
Béni Mellal-Khénifra,Béni Mellal,Boutferda,32.270933,-5.74707
Béni Mellal-Khénifra,Béni Mellal,Dir El Ksiba,32.57368,-6.048401
Béni Mellal-Khénifra,Béni Mellal,El Ksiba,32.560942,-6.0347
Béni Mellal-Khénifra,Béni Mellal,Foum El Anceur,32.349011,-6.220881
Béni Mellal-Khénifra,Béni Mellal,Foum Oudi,32.24992,-6.385348
Béni Mellal-Khénifra,Béni Mellal,Guettaya,32.573484,-6.28169
Béni Mellal-Khénifra,Béni Mellal,Had Bradia,32.421399,-6.507727
Béni Mellal-Khénifra,Béni Mellal,Isseksi,32.215134,-6.297824
Béni Mellal-Khénifra,Béni Mellal,Kasba Tadla,32.596556,-6.263757
Béni Mellal-Khénifra,Béni Mellal,Naour,32.464887,-5.954644
Béni Mellal-Khénifra,Béni Mellal,Ouaouizaght,32.185449,-6.342207
Béni Mellal-Khénifra,Béni Mellal,Oulad Gnaou,32.322213,-6.538304
Béni Mellal-Khénifra,Béni Mellal,Oulad Gouaouch,32.726974,-6.332361
Béni Mellal-Khénifra,Béni Mellal,Oulad M'Barek,32.290523,-6.492268
Béni Mellal-Khénifra,Béni Mellal,Ouled Yaïch,32.427925,-6.336503
Béni Mellal-Khénifra,Béni Mellal,Semguet,32.638746,-6.19096
Béni Mellal-Khénifra,Béni Mellal,Sidi Hammadi,32.270029,-6.579465
Béni Mellal-Khénifra,Béni Mellal,Sidi Jaber,32.34617,-6.452515
Béni Mellal-Khénifra,Béni Mellal,Tabaroucht,32.133727,-6.196944
Béni Mellal-Khénifra,Béni Mellal,Taghzirt,32.416711,-6.15478
Béni Mellal-Khénifra,Béni Mellal,Tagleft,32.228483,-6.108698
Béni Mellal-Khénifra,Béni Mellal,Tanougha,32.441448,-6.089537
Béni Mellal-Khénifra,Béni Mellal,Tiffert N'Ait Hamza,32.285862,-5.943142
Béni Mellal-Khénifra,Béni Mellal,Tilougguite,32.010758,-6.137002
Béni Mellal-Khénifra,Béni Mellal,Timoulilt,32.206797,-6.469459
Béni Mellal-Khénifra,Fquih Ben Salah,Ain Kaicher,32.768318,-6.546089
Béni Mellal-Khénifra,Fquih Ben Salah,Al Khalfia,32.538998,-6.534738
Béni Mellal-Khénifra,Fquih Ben Salah,Bejaad,32.76845,-6.389226
Béni Mellal-Khénifra,Fquih Ben Salah,Bni Chegdale,32.442026,-6.925938
Béni Mellal-Khénifra,Fquih Ben Salah,Bni Oukil,32.580613,-6.860969
Béni Mellal-Khénifra,Fquih Ben Salah,Bni Smir,32.782061,-6.604319
Béni Mellal-Khénifra,Fquih Ben Salah,Dar Oulad Zidouh,32.341443,-6.905635
Béni Mellal-Khénifra,Fquih Ben Salah,Fkih Ben Salah,32.505573,-6.681381
Béni Mellal-Khénifra,Fquih Ben Salah,Had Boumoussa,32.274143,-6.979303
Béni Mellal-Khénifra,Fquih Ben Salah,Hel Merbaa,32.430942,-6.6121
Béni Mellal-Khénifra,Fquih Ben Salah,Krifate,32.551386,-6.711105
Béni Mellal-Khénifra,Fquih Ben Salah,Laqraqra,32.412669,-7.106783
Béni Mellal-Khénifra,Fquih Ben Salah,Oulad Ayad,32.200751,-6.799227
Béni Mellal-Khénifra,Fquih Ben Salah,Oulad Fares El Halla,32.515836,-7.094341
Béni Mellal-Khénifra,Fquih Ben Salah,Oulad Nacer,32.256261,-6.774211
Béni Mellal-Khénifra,Fquih Ben Salah,Oulad Said l'Oued,32.596561,-6.462699
Béni Mellal-Khénifra,Fquih Ben Salah,Oulad Zmam,32.382479,-6.729956
Béni Mellal-Khénifra,Fquih Ben Salah,Ouled Bourahmoune,32.289663,-6.692606
Béni Mellal-Khénifra,Fquih Ben Salah,Ouled Youssef,32.565578,-6.487238
Béni Mellal-Khénifra,Fquih Ben Salah,Rouached,32.928534,-6.278834
Béni Mellal-Khénifra,Fquih Ben Salah,Sidi Aissa Ben Ali,32.342807,-6.651421
Béni Mellal-Khénifra,Fquih Ben Salah,Souk Sebt Oulad Nemma,32.292773,-6.706521
Béni Mellal-Khénifra,Fquih Ben Salah,Tachraft,32.772603,-6.44073
Béni Mellal-Khénifra,Khouribga,Ain Dorbane-Lahlaf,33.029451,-7.21858
Béni Mellal-Khénifra,Khouribga,Ait Ammar,33.038244,-6.63836
Béni Mellal-Khénifra,Khouribga,Ben Ahmed,33.069146,-7.234247
Béni Mellal-Khénifra,Khouribga,Bir Mezoui,32.850652,-6.779035
Béni Mellal-Khénifra,Khouribga,Bni Ykhlef,32.976657,-6.847754
Béni Mellal-Khénifra,Khouribga,Boujniba,32.892955,-6.776912
Béni Mellal-Khénifra,Khouribga,Boulanouare,32.872192,-6.788169
Béni Mellal-Khénifra,Khouribga,Braksa,33.0134,-6.357337
Béni Mellal-Khénifra,Khouribga,Chougrane,32.95874,-6.344729
Béni Mellal-Khénifra,Khouribga,El Borouj,32.507919,-7.201326
Béni Mellal-Khénifra,Khouribga,El Foqra,32.695468,-6.966642
Béni Mellal-Khénifra,Khouribga,Ezzhiliga,33.312307,-6.534388
Béni Mellal-Khénifra,Khouribga,Hattane,32.840562,-6.806845
Béni Mellal-Khénifra,Khouribga,Kasbat Troch,32.932825,-6.595358
Béni Mellal-Khénifra,Khouribga,Khouribga,32.876258,-6.903491
Béni Mellal-Khénifra,Khouribga,Lagfaf,32.93625,-6.724996
Béni Mellal-Khénifra,Khouribga,Lagnadiz,33.165295,-6.791443
Béni Mellal-Khénifra,Khouribga,Lakhzazra,33.007356,-7.043856
Béni Mellal-Khénifra,Khouribga,Loulad,32.988544,-7.131511
Béni Mellal-Khénifra,Khouribga,M'Fassis,32.748703,-6.814591
Béni Mellal-Khénifra,Khouribga,M'Garto,33.160815,-7.054159
Béni Mellal-Khénifra,Khouribga,Maadna,32.910638,-6.499213
Béni Mellal-Khénifra,Khouribga,Meskoura,32.59761,-7.234343
Béni Mellal-Khénifra,Khouribga,Mrizigue,32.84345,-7.114428
Béni Mellal-Khénifra,Khouribga,N'khila,32.914111,-7.074596
Béni Mellal-Khénifra,Khouribga,Oued Zem,32.861563,-6.568392
Béni Mellal-Khénifra,Khouribga,Oulad Abdoune,32.854848,-6.927316
Béni Mellal-Khénifra,Khouribga,Oulad Aissa,33.045641,-6.40701
Béni Mellal-Khénifra,Khouribga,Oulad Azzouz,32.762465,-6.761147
Béni Mellal-Khénifra,Khouribga,Oulad Bouali Nouaja,32.626547,-7.078653
Béni Mellal-Khénifra,Khouribga,Oulad Boughadi,33.069042,-6.716705
Béni Mellal-Khénifra,Khouribga,Oulad Fares,32.772353,-7.160381
Béni Mellal-Khénifra,Khouribga,Oulad Fennane,33.092036,-6.518518
Béni Mellal-Khénifra,Khouribga,Oulad Ftata,33.177196,-6.641567
Béni Mellal-Khénifra,Khouribga,Oulad M'Hamed,33.116267,-6.982064
Béni Mellal-Khénifra,Khouribga,Sgamna,32.731869,-7.187638
Béni Mellal-Khénifra,Khouribga,Sidi Eddahbi,33.059482,-7.17109
Béni Mellal-Khénifra,Khénifra,Aghbala,32.414256,-5.612154
Béni Mellal-Khénifra,Khénifra,Aghbalou,32.66436,-5.259295
Béni Mellal-Khénifra,Khénifra,Aguelmam Azegza,32.930806,-5.426845
Béni Mellal-Khénifra,Khénifra,Aguelmouss,33.132785,-5.840773
Béni Mellal-Khénifra,Khénifra,Ait Oum El Bekht,32.655311,-5.929227
Béni Mellal-Khénifra,Khénifra,Ait Saadelli,32.625503,-5.361433
Béni Mellal-Khénifra,Khénifra,Anemzi,32.284742,-5.384223
Béni Mellal-Khénifra,Khénifra,Aït Ishaq,32.719227,-5.802793
Béni Mellal-Khénifra,Khénifra,El Borj,33.034468,-5.607037
Béni Mellal-Khénifra,Khénifra,El Hammam,33.286012,-5.637384
Béni Mellal-Khénifra,Khénifra,El Kbab,32.66894,-5.474752
Béni Mellal-Khénifra,Khénifra,Had Bouhssoussen,33.13067,-6.134251
Béni Mellal-Khénifra,Khénifra,Kerrouchen,32.783884,-5.346976
Béni Mellal-Khénifra,Khénifra,Khenifra,32.935951,-5.664356
Béni Mellal-Khénifra,Khénifra,Lehri,32.830879,-5.608562
Béni Mellal-Khénifra,Khénifra,M'rirt,33.163223,-5.566139
Béni Mellal-Khénifra,Khénifra,Moha Ou Hammou Zayani,32.956992,-5.665508
Béni Mellal-Khénifra,Khénifra,Ouaoumana,32.689323,-5.826739
Béni Mellal-Khénifra,Khénifra,Oued Ifrane,33.124638,-5.299968
Béni Mellal-Khénifra,Khénifra,Oum Rabia,33.072671,-5.433147
Béni Mellal-Khénifra,Khénifra,Sidi Amar,32.918027,-5.80112
Béni Mellal-Khénifra,Khénifra,Sidi Hcine,33.037125,-6.035967
Béni Mellal-Khénifra,Khénifra,Sidi Lamine,32.874583,-5.976647
Béni Mellal-Khénifra,Khénifra,Sidi Yahya Ou Saad,32.6036,-5.600195
Béni Mellal-Khénifra,Khénifra,Sidi Yahya Ou Youssef,32.440868,-5.422502
Béni Mellal-Khénifra,Khénifra,Tighassaline,32.669635,-5.56719
Béni Mellal-Khénifra,Khénifra,Tizi N'Ghachou,32.791961,-5.262708
Béni Mellal-Khénifra,Khénifra,Tizi N'isly,32.483486,-5.784946
Béni Mellal-Khénifra,Khénifra,Zaouiat Cheikh,32.641093,-5.920407
Casablanca-Settat,Benslimane,Ahlaf,33.27843,-7.08046
Casablanca-Settat,Benslimane,Ain Tizgha,33.652277,-7.103308
Casablanca-Settat,Benslimane,Benslimane,33.61092,-7.137884
Casablanca-Settat,Benslimane,Bir Ennasr,33.3319,-6.91643
Casablanca-Settat,Benslimane,Bouznika,33.758333,-7.200444
Casablanca-Settat,Benslimane,Cherrat,33.771203,-7.101197
Casablanca-Settat,Benslimane,Laghoualem,33.375257,-6.718354
Casablanca-Settat,Benslimane,Mellila,33.390408,-7.106095
Casablanca-Settat,Benslimane,Moualine el Oued,33.449895,-7.298954
Casablanca-Settat,Benslimane,Oulad Ali Toualaa,33.431,-7.178622
Casablanca-Settat,Benslimane,Oulad Yahya Louta,33.544536,-7.17697
Casablanca-Settat,Benslimane,Rdadna Oulad Malek,33.352045,-7.246429
Casablanca-Settat,Benslimane,Sidi Bettache,33.510658,-6.874409
Casablanca-Settat,Benslimane,Ziaida,33.489478,-7.054129
Casablanca-Settat,Berrechid,Berrechid,33.264379,-7.579586
Casablanca-Settat,Berrechid,El Gara,33.273411,-7.232734
Casablanca-Settat,Berrechid,Foqra Oulad Aameur,33.132468,-7.504736
Casablanca-Settat,Berrechid,Jaqma,33.289413,-7.462298
Casablanca-Settat,Berrechid,Kasbat Ben Mchich,33.351943,-7.440584
Casablanca-Settat,Berrechid,Laghnimyine,33.196269,-7.837286
Casablanca-Settat,Berrechid,Lahsasna,33.18364,-7.66876
Casablanca-Settat,Berrechid,Lambarkiyine,33.218644,-7.468261
Casablanca-Settat,Berrechid,Oulad Cebbah,33.27251,-7.325876
Casablanca-Settat,Berrechid,Ouled Zidane,33.355303,-7.358869
Casablanca-Settat,Berrechid,Riah,33.173303,-7.394186
Casablanca-Settat,Berrechid,Sidi Abdelkrim,33.177922,-7.260419
Casablanca-Settat,Berrechid,Sidi El Mekki,33.237112,-7.656057
Casablanca-Settat,Casablanca,Casablanca,33.567126,-7.604327
Casablanca-Settat,Casablanca,Dar Bouazza,33.524154,-7.789019
Casablanca-Settat,Casablanca,El Majjatia Ouled Taleb,33.470994,-7.528514
Casablanca-Settat,Casablanca,Lahraouyine,33.541325,-7.520907
Casablanca-Settat,Casablanca,Méchouar de Casablanca,33.579952,-7.604907
Casablanca-Settat,Casablanca,Sidi Hajjaj Oued Hassar,33.51597,-7.429037
Casablanca-Settat,Casablanca,Tit Mellil,33.547017,-7.48507
Casablanca-Settat,El Jadida,Azemmour,33.286865,-8.34826
Casablanca-Settat,El Jadida,Ben Maachou,33.187728,-8.046015
Casablanca-Settat,El Jadida,Chaibate,33.022884,-8.330424
Casablanca-Settat,El Jadida,Chtouka,33.287055,-8.170931
Casablanca-Settat,El Jadida,El Jadida,33.229331,-8.499533
Casablanca-Settat,El Jadida,Haouzia,33.207998,-8.414604
Casablanca-Settat,El Jadida,Moulay Abdellah Amghar,33.14931,-8.562966
Casablanca-Settat,El Jadida,Oulad Aissa,32.924668,-8.681171
Casablanca-Settat,El Jadida,Oulad Frej,33.008836,-8.17299
Casablanca-Settat,El Jadida,Oulad Hamdane,33.132377,-8.258808
Casablanca-Settat,El Jadida,Oulad Hcine,33.052574,-8.483022
Casablanca-Settat,El Jadida,Oulad Rahmoune,33.180631,-8.334241
Casablanca-Settat,El Jadida,Oulad Sidi Ali Ben Youssef,33.011101,-8.121128
Casablanca-Settat,El Jadida,Si Hsaien Ben Abderrahmane,33.099293,-8.159232
Casablanca-Settat,El Jadida,Sidi Abed,33.030205,-8.646935
Casablanca-Settat,El Jadida,Sidi Ali Ben Hamdouche,33.29765,-8.268751
Casablanca-Settat,Mohammedia,Bni Yakhlef,33.654099,-7.338321
Casablanca-Settat,Mohammedia,Chellalate,33.609839,-7.435409
Casablanca-Settat,Mohammedia,El Mansouria,33.730353,-7.269332
Casablanca-Settat,Mohammedia,Fdalate,33.582704,-7.278643
Casablanca-Settat,Mohammedia,Mohammédia,33.691908,-7.394463
Casablanca-Settat,Mohammedia,Sidi Moussa Ben Ali,33.552561,-7.363666
Casablanca-Settat,Mohammedia,Sidi Moussa El Majdoub,33.628893,-7.363095
Casablanca-Settat,Médiouna,Ain Harrouda,33.644338,-7.458642
Casablanca-Settat,Nouaceur,Bir Jdid,33.374101,-7.995846
Casablanca-Settat,Nouaceur,Bouskoura,33.476841,-7.650035
Casablanca-Settat,Nouaceur,Deroua,33.378455,-7.536383
Casablanca-Settat,Nouaceur,Had Soualem,33.423778,-7.838695
Casablanca-Settat,Nouaceur,Laghdira,33.29861,-8.044807
Casablanca-Settat,Nouaceur,Lamharza Essahel,33.38958,-8.059808
Casablanca-Settat,Nouaceur,Médiouna,33.459505,-7.514931
Casablanca-Settat,Nouaceur,Nouaceur,33.361771,-7.581543
Casablanca-Settat,Nouaceur,Oulad Azzouz,33.496555,-7.768295
Casablanca-Settat,Nouaceur,Oulad Salah,33.356157,-7.676715
Casablanca-Settat,Nouaceur,Oulad Ziyane,33.408142,-7.432492
Casablanca-Settat,Nouaceur,Sahel Oulad H'riz,33.348571,-7.839589
Casablanca-Settat,Nouaceur,Sidi Rahal Chatai,33.439753,-7.956969
Casablanca-Settat,Nouaceur,Soualem Trifiya,33.454557,-7.864684
Casablanca-Settat,Settat,Ain Blal,32.530134,-7.653925
Casablanca-Settat,Settat,Bni Khloug,32.646977,-7.388922
Casablanca-Settat,Settat,Bni Yagrine,32.727531,-7.553972
Casablanca-Settat,Settat,Bouguargouh,33.088269,-7.319026
Casablanca-Settat,Settat,Dar Chaffai,32.542399,-7.500289
Casablanca-Settat,Settat,Gdana,32.962088,-7.962953
Casablanca-Settat,Settat,Guisser,32.764316,-7.508314
Casablanca-Settat,Settat,Khemisset Chaouia,32.86285,-7.76515
Casablanca-Settat,Settat,Lahouaza,32.954631,-7.687526
Casablanca-Settat,Settat,Machraa Ben Abbou,32.677388,-7.821833
Casablanca-Settat,Settat,Mniaa,32.845772,-7.314116
Casablanca-Settat,Settat,Mzamza Janoubia,32.997252,-7.567221
Casablanca-Settat,Settat,Mzoura,32.828577,-7.943929
Casablanca-Settat,Settat,Oued Naanaa,32.996174,-7.287208
Casablanca-Settat,Settat,Oulad Abbou,33.140989,-7.936081
Casablanca-Settat,Settat,Oulad Chbana,33.074457,-7.394184
Casablanca-Settat,Settat,Oulad Freiha,32.612336,-7.611053
Casablanca-Settat,Settat,Oulad Saïd,32.960405,-7.809949
Casablanca-Settat,Settat,Oulad Sghir,32.853148,-7.577929
Casablanca-Settat,Settat,Ouled M'Rah,32.913051,-7.267324
Casablanca-Settat,Settat,Ras Al Ain,32.991579,-7.416807
Casablanca-Settat,Settat,Rima,32.794367,-7.40613
Casablanca-Settat,Settat,Settat,32.99793,-7.627997
Casablanca-Settat,Settat,Sidi Abdelkhaleq,33.082568,-8.022442
Casablanca-Settat,Settat,Sidi Boumehdi,32.691879,-7.336267
Casablanca-Settat,Settat,Sidi Hajjaj,32.919997,-7.32787
Casablanca-Settat,Settat,Sidi Mohammed Ben Rahal,32.736764,-7.774632
Casablanca-Settat,Settat,Sidi el Aïdi,33.091148,-7.653754
Casablanca-Settat,Settat,Toualet,32.757735,-7.658203
Casablanca-Settat,Settat,Zaouiat Sidi Ben Hamdoun,33.095921,-7.849003
Casablanca-Settat,Sidi Bennour,Bni Hilal,32.803281,-8.378644
Casablanca-Settat,Sidi Bennour,Bni Tsiriss,32.728343,-8.114281
Casablanca-Settat,Sidi Bennour,Bouhmame,32.602535,-8.543844
Casablanca-Settat,Sidi Bennour,Boulaouane,32.856576,-8.070257
Casablanca-Settat,Sidi Bennour,Jabria,32.569147,-8.316136
Casablanca-Settat,Sidi Bennour,Kridid,32.494245,-8.602655
Casablanca-Settat,Sidi Bennour,Laagagcha,32.548454,-8.688557
Casablanca-Settat,Sidi Bennour,Laamria,32.817504,-8.229716
Casablanca-Settat,Sidi Bennour,Laaounate,32.681703,-8.158294
Casablanca-Settat,Sidi Bennour,Laatatra,32.592318,-8.376554
Casablanca-Settat,Sidi Bennour,Laghnadra,32.644379,-8.670101
Casablanca-Settat,Sidi Bennour,Lgharbia,32.57991,-8.873965
Casablanca-Settat,Sidi Bennour,Lmechrek,32.738739,-8.462848
Casablanca-Settat,Sidi Bennour,M'Tal,32.506851,-8.406592
Casablanca-Settat,Sidi Bennour,Metrane,32.633287,-8.243228
Casablanca-Settat,Sidi Bennour,Mettouh,32.889557,-8.179935
Casablanca-Settat,Sidi Bennour,Mogress,32.895168,-8.448534
Casablanca-Settat,Sidi Bennour,Oulad Sbaita,32.668083,-8.802909
Casablanca-Settat,Sidi Bennour,Oulad Si Bouhya,32.725176,-8.347471
Casablanca-Settat,Sidi Bennour,Ouled Ghanem,32.809749,-8.855596
Casablanca-Settat,Sidi Bennour,Saniat Berguig,32.69118,-8.608288
Casablanca-Settat,Sidi Bennour,Sebt Saiss,32.772048,-8.631949
Casablanca-Settat,Sidi Bennour,Sidi Bennour,32.654958,-8.429239
Casablanca-Settat,Sidi Bennour,Sidi M'Hamed Akhdim,32.802487,-8.758063
Casablanca-Settat,Sidi Bennour,Sidi Smaïl,32.883055,-8.540314
Casablanca-Settat,Sidi Bennour,Zaouiat Lakouacem,32.912464,-8.316609
Casablanca-Settat,Sidi Bennour,Zaouiat Saiss,32.845719,-8.636333
Casablanca-Settat,Sidi Bennour,Zemamra,32.616758,-8.699781
Dakhla-Oued Ed-Dahab,Aousserd,Aghouinite,22.472411,-13.732572
Dakhla-Oued Ed-Dahab,Aousserd,Aousserd,22.715409,-14.634455
Dakhla-Oued Ed-Dahab,Aousserd,Gleibat El Foula,23.358259,-13.764395
Dakhla-Oued Ed-Dahab,Aousserd,Mijik,23.770687,-12.696502
Dakhla-Oued Ed-Dahab,Aousserd,Oum Dreyga,24.08394,-13.487122
Dakhla-Oued Ed-Dahab,Aousserd,Tichla,21.814214,-15.108716
Dakhla-Oued Ed-Dahab,Aousserd,Zoug,21.777419,-13.8626
Dakhla-Oued Ed-Dahab,Oued Ed-Dahab,Bir Anzarane,24.118904,-14.740117
Dakhla-Oued Ed-Dahab,Oued Ed-Dahab,Bir Gandouz,21.835238,-16.375022
Dakhla-Oued Ed-Dahab,Oued Ed-Dahab,Dakhla,23.723184,-15.945489
Dakhla-Oued Ed-Dahab,Oued Ed-Dahab,El Argoub,23.751719,-15.248627
Dakhla-Oued Ed-Dahab,Oued Ed-Dahab,Imlili,22.663676,-15.746035
Drâa-Tafilalet,Errachidia,Aarab Sebbah Gheris,31.417241,-4.423419
Drâa-Tafilalet,Errachidia,Aarab Sebbah Ziz,31.487229,-3.994553
Drâa-Tafilalet,Errachidia,Amellagou,32.023269,-4.936591
Drâa-Tafilalet,Errachidia,Aoufous,31.730461,-4.132452
Drâa-Tafilalet,Errachidia,Aïn Chouater,31.855665,-3.050445
Drâa-Tafilalet,Errachidia,Bni M'Hamed Sijelmassa,31.225717,-4.221155
Drâa-Tafilalet,Errachidia,Bni Tadjite,32.331829,-3.363171
Drâa-Tafilalet,Errachidia,Boudnib,31.950518,-3.607431
Drâa-Tafilalet,Errachidia,Chorfa M'Daghra,31.857112,-4.195746
Drâa-Tafilalet,Errachidia,Er-Rich,32.261007,-4.494269
Drâa-Tafilalet,Errachidia,Er-Rissani,31.262379,-4.113117
Drâa-Tafilalet,Errachidia,Er-Rteb,31.613333,-4.231026
Drâa-Tafilalet,Errachidia,Erfoud,31.432909,-4.234919
Drâa-Tafilalet,Errachidia,Errachidia,31.930158,-4.435441
Drâa-Tafilalet,Errachidia,Es-Sfalat,31.236284,-4.289519
Drâa-Tafilalet,Errachidia,Es-Sifa,31.32865,-4.30896
Drâa-Tafilalet,Errachidia,Fezna,31.560007,-4.538574
Drâa-Tafilalet,Errachidia,Gheris El Ouloui,31.728788,-4.942171
Drâa-Tafilalet,Errachidia,Gheris Es-Soufli,31.699471,-4.829433
Drâa-Tafilalet,Errachidia,Goulmima,31.684426,-4.949415
Drâa-Tafilalet,Errachidia,Gourrama,32.419876,-4.129542
Drâa-Tafilalet,Errachidia,Guers Tiaallaline,32.22165,-4.431756
Drâa-Tafilalet,Errachidia,Guir,32.309007,-3.987665
Drâa-Tafilalet,Errachidia,Jorf,31.487858,-4.40127
Drâa-Tafilalet,Errachidia,Lkheng,31.927618,-4.366079
Drâa-Tafilalet,Errachidia,M'Zizel,32.171033,-4.710853
Drâa-Tafilalet,Errachidia,Melaab,31.47682,-4.743048
Drâa-Tafilalet,Errachidia,Moulay Ali Chérif,31.27965,-4.266259
Drâa-Tafilalet,Errachidia,Oued Naam,31.894106,-3.615307
Drâa-Tafilalet,Errachidia,Tadighoust,31.897371,-4.844202
Drâa-Tafilalet,Errachidia,Talsint,32.647527,-3.488274
Drâa-Tafilalet,Errachidia,Taouz,30.862835,-4.019383
Drâa-Tafilalet,Midelt,Agoudim,32.376137,-5.036019
Drâa-Tafilalet,Midelt,Ait Ayach,32.688765,-4.930323
Drâa-Tafilalet,Midelt,Ait Izdeg,32.648649,-4.744624
Drâa-Tafilalet,Midelt,Ait Yahya,32.252935,-5.175913
Drâa-Tafilalet,Midelt,Amersid,32.678844,-4.487887
Drâa-Tafilalet,Midelt,Amouguer,32.26753,-4.91284
Drâa-Tafilalet,Midelt,Boumerieme,32.823696,-3.653793
Drâa-Tafilalet,Midelt,Boumia,32.676453,-5.138269
Drâa-Tafilalet,Midelt,En-nzala,32.45544,-4.373512
Drâa-Tafilalet,Midelt,Ksabi Moulouya,32.79442,-4.270934
Drâa-Tafilalet,Midelt,Mibladen,32.789247,-4.586149
Drâa-Tafilalet,Midelt,Midelt,32.685213,-4.74015
Drâa-Tafilalet,Midelt,Ouizeght,32.83799,-4.050152
Drâa-Tafilalet,Midelt,Sidi Aayad,32.312188,-4.631209
Drâa-Tafilalet,Midelt,Tanourdi,32.818663,-5.149235
Drâa-Tafilalet,Midelt,Tounfit,32.477539,-5.13702
Drâa-Tafilalet,Midelt,Zaouiat Sidi Hamza,32.442134,-4.747894
Drâa-Tafilalet,Midelt,Zaïda,32.801918,-4.876291
Drâa-Tafilalet,Ouarzazate,Afella N'Dra,30.807946,-6.507592
Drâa-Tafilalet,Ouarzazate,Afra,30.807318,-6.278328
Drâa-Tafilalet,Ouarzazate,Agdz,30.700772,-6.472104
Drâa-Tafilalet,Ouarzazate,Ait Oumdis,31.489372,-7.075358
Drâa-Tafilalet,Ouarzazate,Ait Zineb,30.999632,-7.124266
Drâa-Tafilalet,Ouarzazate,Allougoum,29.955454,-6.824971
Drâa-Tafilalet,Ouarzazate,Amerzgane,30.958967,-7.278353
Drâa-Tafilalet,Ouarzazate,Assaisse,30.568617,-7.624178
Drâa-Tafilalet,Ouarzazate,Foum Zguid,29.999473,-6.951426
Drâa-Tafilalet,Ouarzazate,Ghassate,31.157518,-6.850431
Drâa-Tafilalet,Ouarzazate,Idelsane,30.925068,-6.596215
Drâa-Tafilalet,Ouarzazate,Ighrem N'Ougdal,31.186435,-7.412208
Drâa-Tafilalet,Ouarzazate,Mezguita,30.68535,-6.372154
Drâa-Tafilalet,Ouarzazate,Ouarzazate,30.932394,-6.930225
Drâa-Tafilalet,Ouarzazate,Ouisselsate,30.514843,-7.185257
Drâa-Tafilalet,Ouarzazate,Siroua,30.722151,-7.346148
Drâa-Tafilalet,Ouarzazate,Skoura Ahl El Oust,31.049956,-6.491986
Drâa-Tafilalet,Ouarzazate,Tansifte,30.64557,-6.639782
Drâa-Tafilalet,Ouarzazate,Tarmigt,30.854125,-6.907093
Drâa-Tafilalet,Ouarzazate,Taznakht,30.568624,-7.193642
Drâa-Tafilalet,Ouarzazate,Tlite,30.170091,-7.096678
Drâa-Tafilalet,Ouarzazate,Toundoute,31.321817,-6.50693
Drâa-Tafilalet,Ouarzazate,Télouet,31.287027,-7.177579
Drâa-Tafilalet,Tinghir,Aghbalou N'Kerdous,31.676792,-5.306748
Drâa-Tafilalet,Tinghir,Ait Ouassif,31.290637,-6.208646
Drâa-Tafilalet,Tinghir,Ait Sedrate Jbel El Oulia,31.641507,-5.953975
Drâa-Tafilalet,Tinghir,Ait Sedrate Jbel El Soufla,31.510677,-5.958674
Drâa-Tafilalet,Tinghir,Ait Sedrate Sahl Charkia,31.17429,-6.054771
Drâa-Tafilalet,Tinghir,Ait Sedrate Sahl El Gharbia,31.089057,-6.149029
Drâa-Tafilalet,Tinghir,Ait Youl,31.311535,-5.979211
Drâa-Tafilalet,Tinghir,Alnif,31.113154,-5.139801
Drâa-Tafilalet,Tinghir,Assoul,31.965247,-5.170158
Drâa-Tafilalet,Tinghir,Aït Elfarsi,31.288809,-5.344127
Drâa-Tafilalet,Tinghir,Aït Hani,31.738368,-5.570171
Drâa-Tafilalet,Tinghir,Bou Azmou,32.025883,-5.50409
Drâa-Tafilalet,Tinghir,Boumalne Dadès,31.35849,-5.954968
Drâa-Tafilalet,Tinghir,Ferkla El Oulia,31.440345,-5.12749
Drâa-Tafilalet,Tinghir,Ferkla Es-Soufla,31.588971,-5.030834
Drâa-Tafilalet,Tinghir,Ikniouen,31.188009,-5.603876
Drâa-Tafilalet,Tinghir,Imider,31.40082,-5.810563
Drâa-Tafilalet,Tinghir,Imilchil,32.074594,-5.634477
Drâa-Tafilalet,Tinghir,Kalaat M'Gouna,31.234868,-6.12785
Drâa-Tafilalet,Tinghir,M'Semrir,31.718695,-5.87374
Drâa-Tafilalet,Tinghir,M'Ssici,30.998972,-4.784245
Drâa-Tafilalet,Tinghir,N'Kob,30.998459,-5.846957
Drâa-Tafilalet,Tinghir,Ouaklim,31.449126,-5.654565
Drâa-Tafilalet,Tinghir,Outerbat,32.113358,-5.201319
Drâa-Tafilalet,Tinghir,Souk Lakhmis Dades,31.24088,-5.995247
Drâa-Tafilalet,Tinghir,Taghzoute N'Ait Atta,31.463362,-5.35834
Drâa-Tafilalet,Tinghir,Tilmi,31.851975,-5.712077
Drâa-Tafilalet,Tinghir,Tinejdad,31.507362,-5.033581
Drâa-Tafilalet,Tinghir,Tinghir,31.517613,-5.529454
Drâa-Tafilalet,Tinghir,Toudgha El Oulia,31.575392,-5.553993
Drâa-Tafilalet,Tinghir,Toudgha Essoufla,31.461913,-5.485638
Drâa-Tafilalet,Zagora,Ait Boudaoud,30.614227,-5.484947
Drâa-Tafilalet,Zagora,Ait Ouallal,30.882948,-5.9099
Drâa-Tafilalet,Zagora,Bleida,30.252288,-6.382134
Drâa-Tafilalet,Zagora,Bni Zoli,30.483903,-5.861977
Drâa-Tafilalet,Zagora,Bouzeroual,30.511903,-6.027997
Drâa-Tafilalet,Zagora,Errouha,30.469787,-5.718619
Drâa-Tafilalet,Zagora,Fezouata,30.21805,-5.606017
Drâa-Tafilalet,Zagora,H'Ssyia,30.725166,-5.173196
Drâa-Tafilalet,Zagora,Ktaoua,30.125594,-5.298034
Drâa-Tafilalet,Zagora,M'Hamid El Ghizlane,29.762343,-5.904932
Drâa-Tafilalet,Zagora,Oulad Yahia Lagraire,30.509898,-6.240687
Drâa-Tafilalet,Zagora,Sidi Ali,30.595176,-4.747542
Drâa-Tafilalet,Zagora,Taftechna,30.644649,-5.838653
Drâa-Tafilalet,Zagora,Taghbalte,30.568546,-5.404284
Drâa-Tafilalet,Zagora,Tagounite,29.950029,-5.876038
Drâa-Tafilalet,Zagora,Tamegroute,30.249907,-5.777527
Drâa-Tafilalet,Zagora,Tamezmoute,30.807317,-6.11419
Drâa-Tafilalet,Zagora,Tazzarine,30.805836,-5.542385
Drâa-Tafilalet,Zagora,Ternata,30.286686,-5.976174
Drâa-Tafilalet,Zagora,Tinzouline,30.376017,-6.192977
Drâa-Tafilalet,Zagora,Zagora,30.351377,-5.842843
Fès-Meknès,Boulemane,Adrej,33.643094,-4.444717
Fès-Meknès,Boulemane,Ait Bazza,33.399054,-4.211951
Fès-Meknès,Boulemane,Ait El Man,33.449287,-4.312285
Fès-Meknès,Boulemane,Almis Marmoucha,33.241015,-4.164299
Fès-Meknès,Boulemane,Boulemane,33.364344,-4.730452
Fès-Meknès,Boulemane,El Mers,33.427759,-4.54436
Fès-Meknès,Boulemane,Enjil,33.095458,-4.557709
Fès-Meknès,Boulemane,Ermila,33.208933,-3.830882
Fès-Meknès,Boulemane,Guigou,33.376314,-4.831317
Fès-Meknès,Boulemane,Imouzzer Marmoucha,33.469745,-4.296834
Fès-Meknès,Boulemane,Missour,33.045475,-3.996696
Fès-Meknès,Boulemane,Oulad Ali Youssef,33.415533,-4.008145
Fès-Meknès,Boulemane,Serghina,33.305966,-4.482844
Fès-Meknès,Boulemane,Sidi Boutayeb,33.05353,-4.007547
Fès-Meknès,Boulemane,Skoura M'Daz,33.543275,-4.559825
Fès-Meknès,Boulemane,Tafajight,33.588107,-4.338749
Fès-Meknès,Boulemane,Talzemt,33.549967,-4.189715
Fès-Meknès,El Hajeb,Agourai,33.634925,-5.592601
Fès-Meknès,El Hajeb,Ait Boubidmane,33.850185,-5.332302
Fès-Meknès,El Hajeb,Ait Harz Allah,33.746008,-5.320544
Fès-Meknès,El Hajeb,Ait Naamane,33.672044,-5.292433
Fès-Meknès,El Hajeb,Aït Bourzouine,33.639163,-5.492734
Fès-Meknès,El Hajeb,Bou Fekrane,33.757545,-5.488592
Fès-Meknès,El Hajeb,El Hajeb,33.682102,-5.37421
Fès-Meknès,El Hajeb,Iqaddar,33.676721,-5.362711
Fès-Meknès,El Hajeb,Tamchachate,33.509425,-5.64888
Fès-Meknès,El Hajeb,Tigrigra,33.470751,-5.364355
Fès-Meknès,Fès,Ain Bida,33.986698,-4.892569
Fès-Meknès,Fès,Ain Bou Ali,34.130276,-4.994406
Fès-Meknès,Fès,Ain Cheggag,33.865829,-5.058957
Fès-Meknès,Fès,Ain Chkef,33.964255,-5.084967
Fès-Meknès,Fès,Ain Kansra,34.112982,-4.845056
Fès-Meknès,Fès,Ait Oullal Bitit,33.823066,-5.129175
Fès-Meknès,Fès,Fès,34.025967,-5.007945
Fès-Meknès,Fès,Louadaine,34.22636,-4.917929
Fès-Meknès,Fès,Loulja,34.291719,-4.902937
Fès-Meknès,Fès,Méchouar Fès Jdid,34.054216,-4.994243
Fès-Meknès,Fès,Oulad Tayeb,33.918868,-4.955278
Fès-Meknès,Fès,Sidi Hrazem,34.007349,-4.87235
Fès-Meknès,Guigou,Ait Ben Yacoub,33.000263,-4.870296
Fès-Meknès,Guigou,Itzer,32.967073,-5.049457
Fès-Meknès,Guigou,Timhadit,33.250886,-5.001194
Fès-Meknès,Ifrane,Ait Sebaa Lajrouf,33.737336,-5.044262
Fès-Meknès,Ifrane,Azrou,33.441332,-5.222665
Fès-Meknès,Ifrane,Aïn Leuh,33.26742,-5.31671
Fès-Meknès,Ifrane,Ben Smim,33.468209,-5.212501
Fès-Meknès,Ifrane,Dayat Aoua,33.569858,-4.970153
Fès-Meknès,Ifrane,Ifrane,33.523019,-5.12338
Fès-Meknès,Ifrane,Sidi El Makhfi,33.257683,-5.336801
Fès-Meknès,Ifrane,Tizguite,33.660754,-5.148122
Fès-Meknès,Meknès,Ait Ouallal,33.857121,-5.682363
Fès-Meknès,Meknès,Ait Ouikhalfen,33.617091,-5.735952
Fès-Meknès,Meknès,Ait Yaazem,33.744491,-5.615193
Fès-Meknès,Meknès,Al Machouar Stinia,33.88682,-5.560077
Fès-Meknès,Meknès,Aïn Orma,33.911173,-5.72924
Fès-Meknès,Meknès,Dar Oum Soltane,33.930087,-5.627698
Fès-Meknès,Meknès,Dkhissa,33.943954,-5.505824
Fès-Meknès,Meknès,Jahjouh,33.612253,-5.698782
Fès-Meknès,Meknès,Majjate,33.804156,-5.524851
Fès-Meknès,Meknès,Meknès,33.883852,-5.535448
Fès-Meknès,Meknès,Moulay Idriss Zarhoun,34.055388,-5.519598
Fès-Meknès,Meknès,Mrhassiyine,34.005178,-5.501405
Fès-Meknès,Meknès,Nzala Bni Ammar,34.101383,-5.426569
Fès-Meknès,Meknès,Oualili,34.089719,-5.520244
Fès-Meknès,Meknès,Oued Jdida,33.938688,-5.389168
Fès-Meknès,Meknès,Ouislane,33.914353,-5.479737
Fès-Meknès,Meknès,Ras Ijerri,33.797748,-5.720721
Fès-Meknès,Meknès,Sabaa Aiyoun,33.897751,-5.364651
Fès-Meknès,Meknès,Sidi Slimane Moul Al Kifane,33.841024,-5.446842
Fès-Meknès,Meknès,Toulal,33.893818,-5.606957
Fès-Meknès,Moulay Yacoub,Ain Taoujdate,33.937485,-5.209984
Fès-Meknès,Moulay Yacoub,Bni Snous,34.354836,-5.200933
Fès-Meknès,Moulay Yacoub,Bouchabel,34.392494,-5.060549
Fès-Meknès,Moulay Yacoub,Charqaoua,34.173303,-5.404669
Fès-Meknès,Moulay Yacoub,Ghouazi,34.441502,-5.303146
Fès-Meknès,Moulay Yacoub,Karia Ba Mohamed,34.366241,-5.208207
Fès-Meknès,Moulay Yacoub,Laajajra,34.193357,-5.162657
Fès-Meknès,Moulay Yacoub,Laqsir,33.904275,-5.232725
Fès-Meknès,Moulay Yacoub,M'Haya,34.035767,-5.264705
Fès-Meknès,Moulay Yacoub,Mikkes,34.127846,-5.266262
Fès-Meknès,Moulay Yacoub,Moulay Abdelkrim,34.475783,-5.212672
Fès-Meknès,Moulay Yacoub,Moulay Bouchta,34.514219,-5.140317
Fès-Meknès,Moulay Yacoub,Moulay Yacoub,34.087942,-5.178859
Fès-Meknès,Moulay Yacoub,Oulad Mimoun,34.233438,-5.043624
Fès-Meknès,Moulay Yacoub,Sebaâ Rouadi,34.075766,-5.134518
Fès-Meknès,Moulay Yacoub,Sebt Loudaya,34.213594,-5.344677
Fès-Meknès,Moulay Yacoub,Sidi Abdallah al Khayat,34.03451,-5.374042
Fès-Meknès,Moulay Yacoub,Sidi Daoud,34.260305,-5.167475
Fès-Meknès,Moulay Yacoub,Sidi El Abed,34.316888,-5.026892
Fès-Meknès,Sefrou,Aghbalou Aqorar,33.8912,-4.789562
Fès-Meknès,Sefrou,Ahermoumou,33.817518,-4.418265
Fès-Meknès,Sefrou,Ahl Sidi Lahcen,33.768974,-4.650138
Fès-Meknès,Sefrou,Ain Timguenai,33.87166,-4.486947
Fès-Meknès,Sefrou,Azzaba,33.818908,-4.680753
Fès-Meknès,Sefrou,Aït Seghrouchen,33.978904,-4.489789
Fès-Meknès,Sefrou,Bhalil,33.855947,-4.871108
Fès-Meknès,Sefrou,Bir Tamtam,33.978709,-4.644108
Fès-Meknès,Sefrou,Dar El Hamra,33.706483,-4.396361
Fès-Meknès,Sefrou,El Menzel,33.839552,-4.549654
Fès-Meknès,Sefrou,Imouzzer Kandar,33.728711,-5.007126
Fès-Meknès,Sefrou,Kandar Sidi Khiar,33.803674,-4.916129
Fès-Meknès,Sefrou,Laanoussar,33.639433,-4.819891
Fès-Meknès,Sefrou,Matmata,34.098001,-4.480882
Fès-Meknès,Sefrou,Mtarnagha,33.858895,-4.581387
Fès-Meknès,Sefrou,Oulad Ayyad,34.093253,-4.659548
Fès-Meknès,Sefrou,Oulad Mkoudou,33.778051,-4.514197
Fès-Meknès,Sefrou,Ras Tabouda,34.031198,-4.749487
Fès-Meknès,Sefrou,Sefrou,33.826949,-4.828252
Fès-Meknès,Sefrou,Sidi Youssef Ben Ahmed,33.845278,-4.781003
Fès-Meknès,Sefrou,Tazouta,33.671283,-4.61061
Fès-Meknès,Taounate,Abdelghaya Souahel,34.78584,-4.652793
Fès-Meknès,Taounate,Ain Legdah,34.170882,-4.566414
Fès-Meknès,Taounate,Ain Maatouf,34.420324,-4.528995
Fès-Meknès,Taounate,Ain Mediouna,34.485574,-4.530098
Fès-Meknès,Taounate,Aïn Aïcha,34.410025,-4.664287
Fès-Meknès,Taounate,Beni Bechir,34.779397,-4.327536
Fès-Meknès,Taounate,Bni Ahmed Imoukzan,34.763138,-4.43843
Fès-Meknès,Taounate,Bni Ammart,34.806176,-4.204448
Fès-Meknès,Taounate,Bni Bouchibet,34.709363,-4.5041
Fès-Meknès,Taounate,Bni Bounsar,34.865039,-4.438346
Fès-Meknès,Taounate,Bni Frassen,34.362529,-4.384648
Fès-Meknès,Taounate,Bni Gmil Maksouline,35.020925,-4.443126
Fès-Meknès,Taounate,Bni Oulid,34.536746,-4.407412
Fès-Meknès,Taounate,Bni Ounjel Tafraout,34.665962,-4.351932
Fès-Meknès,Taounate,Bni Rzine,35.048878,-4.705031
Fès-Meknès,Taounate,Bouadel,34.545656,-4.523145
Fès-Meknès,Taounate,Bouarouss,34.39842,-4.825662
Fès-Meknès,Taounate,Bouhouda,34.636773,-4.51454
Fès-Meknès,Taounate,Brarha,34.457643,-4.348047
Fès-Meknès,Taounate,El Bibane,34.628622,-4.862646
Fès-Meknès,Taounate,El Bsabsa,34.314097,-4.723774
Fès-Meknès,Taounate,Fennassa Bab El Hit,34.644672,-4.386751
Fès-Meknès,Taounate,Galaz,34.557841,-4.853491
Fès-Meknès,Taounate,Ghafsai,34.627423,-4.911103
Fès-Meknès,Taounate,Issaguen,34.900536,-4.575986
Fès-Meknès,Taounate,Jbabra,34.441055,-4.956118
Fès-Meknès,Taounate,Kaf El Ghar,34.536659,-4.290429
Fès-Meknès,Taounate,Ketama,34.883818,-4.680256
Fès-Meknès,Taounate,Khlalfa,34.671739,-4.632161
Fès-Meknès,Taounate,Kissane,34.591997,-5.037189
Fès-Meknès,Taounate,M'tioua,35.14328,-4.577864
Fès-Meknès,Taounate,Mançoura,34.844232,-4.960355
Fès-Meknès,Taounate,Messassa,34.256711,-4.521697
Fès-Meknès,Taounate,Mezraoua,34.524513,-4.738884
Fès-Meknès,Taounate,Moulay Ahmed Cherif,34.93691,-4.471627
Fès-Meknès,Taounate,Ouaouzgane,35.035846,-4.568968
Fès-Meknès,Taounate,Oudka,34.693708,-4.862785
Fès-Meknès,Taounate,Oued Jemaa,34.236684,-4.761202
Fès-Meknès,Taounate,Oulad Daoud,34.431368,-4.770166
Fès-Meknès,Taounate,Ourtzagh,34.513127,-4.94611
Fès-Meknès,Taounate,Outabouabane,34.242266,-4.403094
Fès-Meknès,Taounate,Ras El Oued,34.339269,-4.557523
Fès-Meknès,Taounate,Ratba,34.770112,-4.883733
Fès-Meknès,Taounate,Rghioua,34.531112,-4.601662
Fès-Meknès,Taounate,Sidi El Mokhfi,34.655265,-4.797193
Fès-Meknès,Taounate,Sidi Haj M’hamed,34.760934,-4.988846
Fès-Meknès,Taounate,Sidi M'Hamed Ben Lahcen,34.226753,-4.640286
Fès-Meknès,Taounate,Sidi Yahya Bni Zeroual,34.678081,-4.985905
Fès-Meknès,Taounate,Tafrant,34.656189,-5.097691
Fès-Meknès,Taounate,Taghzout,34.765921,-4.545352
Fès-Meknès,Taounate,Tamedit,34.707412,-4.210542
Fès-Meknès,Taounate,Tamorot,34.902692,-4.803241
Fès-Meknès,Taounate,Tamsaout,34.826463,-4.747764
Fès-Meknès,Taounate,Taounate,34.531171,-4.656147
Fès-Meknès,Taounate,Thar Es-Souk,34.646219,-4.288055
Fès-Meknès,Taounate,Timezgana,34.648517,-4.726142
Fès-Meknès,Taounate,Tissa,34.292785,-4.669185
Fès-Meknès,Taounate,Zarkat,34.898772,-4.32709
Fès-Meknès,Taounate,Zrizer,34.595445,-4.635476
Fès-Meknès,Taza,Aknoul,34.652819,-3.865798
Fès-Meknès,Taza,Bab Boudir,34.093473,-4.092583
Fès-Meknès,Taza,Bab Marzouka,34.199687,-4.07612
Fès-Meknès,Taza,Barkine,33.729474,-3.867457
Fès-Meknès,Taza,Beni Ftah,34.519491,-4.007105
Fès-Meknès,Taza,Bni Lent,34.339484,-4.18444
Fès-Meknès,Taza,Bouchfaa,34.091223,-4.280886
Fès-Meknès,Taza,Bouhlou,34.152958,-4.383282
Fès-Meknès,Taza,Bouyablane,33.769696,-4.0646
Fès-Meknès,Taza,El Gouzate,34.501014,-4.131337
Fès-Meknès,Taza,El Orjane,33.450615,-3.771579
Fès-Meknès,Taza,Galdamane,34.145427,-3.927282
Fès-Meknès,Taza,Ghiata Al Gharbia,34.176858,-4.275397
Fès-Meknès,Taza,Gzenaya Al Janoubia,34.635463,-3.918805
Fès-Meknès,Taza,Ighzrane,33.764064,-4.260334
Fès-Meknès,Taza,Jbarna,34.522356,-3.843469
Fès-Meknès,Taza,Maghraoua,33.947957,-4.003457
Fès-Meknès,Taza,Meknassa Acharqia,34.363548,-3.930026
Fès-Meknès,Taza,Meknassa Al Gharbia,34.271577,-4.055914
Fès-Meknès,Taza,Msila,34.442103,-4.167402
Fès-Meknès,Taza,Oued Amlil,34.186024,-4.274327
Fès-Meknès,Taza,Oulad Bourima,34.409582,-3.79775
Fès-Meknès,Taza,Oulad Chrif,34.283132,-4.168305
Fès-Meknès,Taza,Oulad Zbair,34.297607,-4.294311
Fès-Meknès,Taza,Outat El Haj,33.34025,-3.702758
Fès-Meknès,Taza,Ras Laksar,33.949169,-3.796799
Fès-Meknès,Taza,Rbaa El Fouki,34.390036,-4.269291
Fès-Meknès,Taza,Smià,34.00572,-4.290634
Fès-Meknès,Taza,Taddart,34.19634,-3.691311
Fès-Meknès,Taza,Tahla,34.05041,-4.428476
Fès-Meknès,Taza,Taifa,34.358385,-4.071785
Fès-Meknès,Taza,Taza,34.219097,-4.00591
Fès-Meknès,Taza,Tazarine,33.912381,-4.154851
Fès-Meknès,Taza,Taïnaste,34.581901,-4.146396
Fès-Meknès,Taza,Traiba,34.409008,-4.004091
Fès-Meknès,Taza,Zrarda,33.928597,-4.353851
Guelmim-Oued Noun,Assa-Zag,Aday,29.206899,-9.302674
Guelmim-Oued Noun,Assa-Zag,Al Mahbass,27.565503,-8.992992
Guelmim-Oued Noun,Assa-Zag,Amtdi,29.202795,-9.198894
Guelmim-Oued Noun,Assa-Zag,Aouint Lahna,28.537724,-9.770313
Guelmim-Oued Noun,Assa-Zag,Assa,28.615563,-9.423054
Guelmim-Oued Noun,Assa-Zag,Fam El Hisn,28.744379,-8.850987
Guelmim-Oued Noun,Assa-Zag,Jdiriya,27.242643,-9.724877
Guelmim-Oued Noun,Assa-Zag,Labouirat,27.974144,-9.870696
Guelmim-Oued Noun,Assa-Zag,Taghjijt,28.908404,-9.373595
Guelmim-Oued Noun,Assa-Zag,Tamanarte,29.159755,-8.989981
Guelmim-Oued Noun,Assa-Zag,Touizgui,28.546916,-9.147151
Guelmim-Oued Noun,Assa-Zag,Zag,28.151409,-9.046057
Guelmim-Oued Noun,Guelmim,Abaynou,29.084087,-9.933778
Guelmim-Oued Noun,Guelmim,Aferkat,28.684497,-10.370969
Guelmim-Oued Noun,Guelmim,Ait Boufoulen,29.237115,-9.741066
Guelmim-Oued Noun,Guelmim,Aouint Yghomane,28.469608,-10.400177
Guelmim-Oued Noun,Guelmim,Asrir,28.815782,-10.112357
Guelmim-Oued Noun,Guelmim,Bouizakarne,29.175121,-9.710874
Guelmim-Oued Noun,Guelmim,Echatea El Abied,28.950301,-10.544737
Guelmim-Oued Noun,Guelmim,Fask,28.784666,-9.889414
Guelmim-Oued Noun,Guelmim,Guelmim,28.995381,-10.069196
Guelmim-Oued Noun,Guelmim,Imi N'Fast,29.11643,-10.097465
Guelmim-Oued Noun,Guelmim,Labyar,28.777878,-10.421985
Guelmim-Oued Noun,Guelmim,Laqsabi Tagoust,28.971204,-10.219945
Guelmim-Oued Noun,Guelmim,Tagant,29.161841,-9.734335
Guelmim-Oued Noun,Guelmim,Taliouine Assaka,29.033372,-10.207414
Guelmim-Oued Noun,Guelmim,Targa Wassay,29.063204,-10.269416
Guelmim-Oued Noun,Guelmim,Tiglit,28.567989,-10.263966
Guelmim-Oued Noun,Guelmim,Timoulay,29.088695,-9.63386
Guelmim-Oued Noun,Sidi Ifni,Arbaa Aït Abdellah,29.334417,-9.878277
Guelmim-Oued Noun,Sidi Ifni,Mesti,29.270525,-10.182516
Guelmim-Oued Noun,Sidi Ifni,Mirleft,29.515168,-10.071343
Guelmim-Oued Noun,Sidi Ifni,Sbouya,29.172105,-10.27027
Guelmim-Oued Noun,Sidi Ifni,Sidi Ifni,29.377452,-10.166943
Guelmim-Oued Noun,Sidi Ifni,Sidi M'Bark,29.289319,-9.836944
Guelmim-Oued Noun,Sidi Ifni,Tangarfa,29.25855,-9.937478
Guelmim-Oued Noun,Sidi Ifni,Tioughza,29.453073,-10.004695
Guelmim-Oued Noun,Sidi Ifni,Tnine Amellou,29.293697,-10.056633
Guelmim-Oued Noun,Tan-Tan,Abteh,27.947122,-11.370393
Guelmim-Oued Noun,Tan-Tan,Akhfennir,27.936774,-11.901876
Guelmim-Oued Noun,Tan-Tan,Ben Khlil,28.566268,-11.132345
Guelmim-Oued Noun,Tan-Tan,Chbika,28.235429,-11.450483
Guelmim-Oued Noun,Tan-Tan,El Ouatia,28.482963,-11.334325
Guelmim-Oued Noun,Tan-Tan,Msied,28.048819,-10.730007
Guelmim-Oued Noun,Tan-Tan,Rass Oumlil,28.65487,-10.785738
Guelmim-Oued Noun,Tan-Tan,Tan-Tan,28.434572,-11.099737
Guelmim-Oued Noun,Tan-Tan,Tilemzoun,28.323096,-10.77555
Laâyoune-Sakia El Hamra,Boujdour,Boujdour,26.159975,-14.395792
Laâyoune-Sakia El Hamra,Boujdour,Gueltat Zemmour,25.220881,-12.945523
Laâyoune-Sakia El Hamra,Boujdour,Jraifia,25.260896,-14.318114
Laâyoune-Sakia El Hamra,Boujdour,Lamssid,26.094647,-13.458117
Laâyoune-Sakia El Hamra,Es-Semara,Amgala,26.35451,-11.698286
Laâyoune-Sakia El Hamra,Es-Semara,El Hagounia,27.305209,-12.250885
Laâyoune-Sakia El Hamra,Es-Semara,Haouza,27.183426,-11.187234
Laâyoune-Sakia El Hamra,Es-Semara,Sidi Ahmed Laaroussi,27.071952,-12.038646
Laâyoune-Sakia El Hamra,Es-Semara,Smara,26.741145,-11.679297
Laâyoune-Sakia El Hamra,Es-Semara,Tifariti,26.456559,-9.789599
Laâyoune-Sakia El Hamra,Laâyoune,Boukraa,26.533514,-12.901019
Laâyoune-Sakia El Hamra,Laâyoune,Dcheira,27.030794,-12.758245
Laâyoune-Sakia El Hamra,Laâyoune,El Marsa,27.062845,-13.403553
Laâyoune-Sakia El Hamra,Laâyoune,Foum El Oued,26.99022,-13.340585
Laâyoune-Sakia El Hamra,Laâyoune,Laâyoune,27.141698,-13.181168
Laâyoune-Sakia El Hamra,Tarfaya,Daoura,27.488401,-12.865681
Laâyoune-Sakia El Hamra,Tarfaya,Tah,27.848425,-12.662519
Laâyoune-Sakia El Hamra,Tarfaya,Tarfaya,27.912992,-12.93168
Marrakech-Safi,Al Haouz,Agafay,31.469922,-8.214114
Marrakech-Safi,Al Haouz,Aghouatim,31.375211,-7.942429
Marrakech-Safi,Al Haouz,Ahl Tifnoute,30.964141,-7.859331
Marrakech-Safi,Al Haouz,Amghras,31.215429,-8.172545
Marrakech-Safi,Al Haouz,Amizmiz,31.220478,-8.251466
Marrakech-Safi,Al Haouz,Anougal,31.119495,-8.278811
Marrakech-Safi,Al Haouz,Askaouen,30.694026,-7.783883
Marrakech-Safi,Al Haouz,Asni,31.156314,-7.920543
Marrakech-Safi,Al Haouz,Assaki,30.554904,-8.038249
Marrakech-Safi,Al Haouz,Azgour,31.122801,-8.352737
Marrakech-Safi,Al Haouz,Dar Jamaa,31.25219,-8.395711
Marrakech-Safi,Al Haouz,Ghmate,31.419568,-7.796729
Marrakech-Safi,Al Haouz,Ida Ougoummad,30.722875,-8.231122
Marrakech-Safi,Al Haouz,Ighil,31.005889,-8.36168
Marrakech-Safi,Al Haouz,Iguerferouane,31.411062,-7.68927
Marrakech-Safi,Al Haouz,Iguidi,30.830658,-7.973889
Marrakech-Safi,Al Haouz,Ijoukak,31.00529,-8.065277
Marrakech-Safi,Al Haouz,Imgdal,31.105405,-8.123291
Marrakech-Safi,Al Haouz,Khouzama,30.886369,-7.543337
Marrakech-Safi,Al Haouz,Lalla Takarkoust,31.323613,-8.122587
Marrakech-Safi,Al Haouz,Moulay Brahim,31.318473,-8.020681
Marrakech-Safi,Al Haouz,Ouazguita,31.259549,-8.077996
Marrakech-Safi,Al Haouz,Ouirgane,31.14818,-8.067444
Marrakech-Safi,Al Haouz,Oukaimeden,31.215463,-7.833769
Marrakech-Safi,Al Haouz,Oulad Mtaa,31.319456,-8.272034
Marrakech-Safi,Al Haouz,Ouneine,30.850948,-8.158308
Marrakech-Safi,Al Haouz,Ourika,31.331963,-7.779304
Marrakech-Safi,Al Haouz,Ouzioua,30.747341,-7.997941
Marrakech-Safi,Al Haouz,Sidi Badhaj,31.337307,-8.212538
Marrakech-Safi,Al Haouz,Sti Fadma,31.236798,-7.710216
Marrakech-Safi,Al Haouz,Tahannaout,31.356673,-7.942822
Marrakech-Safi,Al Haouz,Talat N'Yaaqoub,30.963651,-8.27498
Marrakech-Safi,Al Haouz,Tameslouht,31.452873,-8.060266
Marrakech-Safi,Al Haouz,Taouyalte,30.822202,-7.758
Marrakech-Safi,Al Haouz,Tidili Mesfioua,31.472554,-7.61832
Marrakech-Safi,Al Haouz,Tidli,31.062099,-7.54794
Marrakech-Safi,Al Haouz,Tighedouine,31.375655,-7.541072
Marrakech-Safi,Al Haouz,Tisrasse,30.739746,-8.092334
Marrakech-Safi,Al Haouz,Tizguine,31.261982,-8.320743
Marrakech-Safi,Al Haouz,Toubkal,31.013804,-7.815393
Marrakech-Safi,Al Haouz,Zagmouzen,30.610661,-7.821127
Marrakech-Safi,Al Haouz,Zerkten,31.399581,-7.353173
Marrakech-Safi,Chichaoua,Adassil,31.142728,-8.480288
Marrakech-Safi,Chichaoua,Afalla Issen,31.037167,-8.927767
Marrakech-Safi,Chichaoua,Ahdil,31.613788,-8.864272
Marrakech-Safi,Chichaoua,Ain Tazitounte,31.108445,-8.882665
Marrakech-Safi,Chichaoua,Ait Hadi,31.388482,-8.785365
Marrakech-Safi,Chichaoua,Assif El Mal,31.261935,-8.460893
Marrakech-Safi,Chichaoua,Bouabout,31.299853,-9.221887
Marrakech-Safi,Chichaoua,Bouabout Amdlane,31.187248,-9.227333
Marrakech-Safi,Chichaoua,Chichaoua,31.536905,-8.76027
Marrakech-Safi,Chichaoua,Douirane,31.195317,-8.69731
Marrakech-Safi,Chichaoua,Gmassa,31.421215,-8.381205
Marrakech-Safi,Chichaoua,Ichamraren,31.125275,-9.12808
Marrakech-Safi,Chichaoua,Ighoud,31.851332,-8.854882
Marrakech-Safi,Chichaoua,Imindounit,31.030716,-8.523187
Marrakech-Safi,Chichaoua,Imintanoute,31.178292,-8.842537
Marrakech-Safi,Chichaoua,Irohalen,31.066013,-8.898329
Marrakech-Safi,Chichaoua,Kechoula,31.531257,-9.25424
Marrakech-Safi,Chichaoua,Laamamra,31.892424,-8.972511
Marrakech-Safi,Chichaoua,Lalla Aaziza,31.054535,-8.695125
Marrakech-Safi,Chichaoua,M'Ramer,31.685866,-9.170125
Marrakech-Safi,Chichaoua,M'Zouda,31.233954,-8.55195
Marrakech-Safi,Chichaoua,Majjat,31.455658,-8.577826
Marrakech-Safi,Chichaoua,Mouarid,31.399781,-9.250626
Marrakech-Safi,Chichaoua,Mzilate,31.718849,-9.114306
Marrakech-Safi,Chichaoua,Mzoudia,31.628601,-8.593129
Marrakech-Safi,Chichaoua,Nfifa,31.239509,-8.864082
Marrakech-Safi,Chichaoua,Oued L'Bour,31.186273,-8.968562
Marrakech-Safi,Chichaoua,Oulad M'Rabet,31.601761,-9.18495
Marrakech-Safi,Chichaoua,Oulad Moumna,31.457421,-9.025125
Marrakech-Safi,Chichaoua,Rahhala,31.343598,-9.063589
Marrakech-Safi,Chichaoua,Saidate,31.368411,-8.823483
Marrakech-Safi,Chichaoua,Sidi Abdelmoumen,31.284171,-8.980426
Marrakech-Safi,Chichaoua,Sidi Bouzid Arragragui,31.487543,-8.77941
Marrakech-Safi,Chichaoua,Sidi Chiker,31.823208,-8.596504
Marrakech-Safi,Chichaoua,Sidi El Mokhtar,31.597229,-9.037853
Marrakech-Safi,Chichaoua,Sidi Ghanem,31.13282,-8.784813
Marrakech-Safi,Chichaoua,Sidi Laaroussi,31.814723,-9.150734
Marrakech-Safi,Chichaoua,Sidi M'Hamed Dalil,31.39783,-8.685886
Marrakech-Safi,Chichaoua,Sidi M'Hamed Ou Marzouq,31.734565,-9.054447
Marrakech-Safi,Chichaoua,Taouloukoult,31.214746,-9.090316
Marrakech-Safi,Chichaoua,Zaouia Annahlia,31.220635,-8.648453
Marrakech-Safi,El Kelâa des Sraghna,Abadou,31.599657,-7.304719
Marrakech-Safi,El Kelâa des Sraghna,Ait Aadel,31.597512,-7.223717
Marrakech-Safi,El Kelâa des Sraghna,Ait Hkim - Ait Yzid,31.480467,-7.210932
Marrakech-Safi,El Kelâa des Sraghna,Akarma,31.899763,-7.632837
Marrakech-Safi,El Kelâa des Sraghna,Anzou,31.675953,-7.234898
Marrakech-Safi,El Kelâa des Sraghna,Assahrij,31.788886,-7.154068
Marrakech-Safi,El Kelâa des Sraghna,Bouya Omar,31.771306,-7.218857
Marrakech-Safi,El Kelâa des Sraghna,Bzou,32.094896,-7.043185
Marrakech-Safi,El Kelâa des Sraghna,Choara,31.786451,-7.31754
Marrakech-Safi,El Kelâa des Sraghna,Chtaiba,32.186222,-7.335093
Marrakech-Safi,El Kelâa des Sraghna,Dzouz,31.858801,-7.309073
Marrakech-Safi,El Kelâa des Sraghna,Eddachra,32.206527,-7.166281
Marrakech-Safi,El Kelâa des Sraghna,El Aamria,32.212422,-7.253939
Marrakech-Safi,El Kelâa des Sraghna,El Attaouia,31.832926,-7.341103
Marrakech-Safi,El Kelâa des Sraghna,El Kelâat Es-Sraghna,32.052027,-7.403042
Marrakech-Safi,El Kelâa des Sraghna,El Marbouh,32.114567,-7.40437
Marrakech-Safi,El Kelâa des Sraghna,Errafiaya,32.145437,-7.262058
Marrakech-Safi,El Kelâa des Sraghna,Foum Jemaa,31.967781,-6.998352
Marrakech-Safi,El Kelâa des Sraghna,Fraita,31.937034,-7.292784
Marrakech-Safi,El Kelâa des Sraghna,Hiadna,32.247731,-7.602329
Marrakech-Safi,El Kelâa des Sraghna,Jaafra,32.36999,-7.728795
Marrakech-Safi,El Kelâa des Sraghna,Jbiel,31.972094,-7.477291
Marrakech-Safi,El Kelâa des Sraghna,Jouala,31.897699,-7.478824
Marrakech-Safi,El Kelâa des Sraghna,Laatamna,31.915667,-7.336004
Marrakech-Safi,El Kelâa des Sraghna,Laattaouia Ech-Chaybia,31.865916,-7.349248
Marrakech-Safi,El Kelâa des Sraghna,Lamharra,32.05999,-7.732958
Marrakech-Safi,El Kelâa des Sraghna,Lounasda,32.191051,-7.387664
Marrakech-Safi,El Kelâa des Sraghna,M'Zem Sanhaja,31.991283,-7.120305
Marrakech-Safi,El Kelâa des Sraghna,Mayate,32.245173,-7.518534
Marrakech-Safi,El Kelâa des Sraghna,Ouargui,31.835445,-7.203646
Marrakech-Safi,El Kelâa des Sraghna,Oued Lakhdar,31.893155,-7.126922
Marrakech-Safi,El Kelâa des Sraghna,Oulad Aamer,32.074829,-7.186693
Marrakech-Safi,El Kelâa des Sraghna,Oulad Aarrad,31.834934,-7.40935
Marrakech-Safi,El Kelâa des Sraghna,Oulad Amer,32.447983,-7.229736
Marrakech-Safi,El Kelâa des Sraghna,Oulad Bouali Loued,32.124301,-7.202671
Marrakech-Safi,El Kelâa des Sraghna,Oulad Cherki,32.282329,-7.439377
Marrakech-Safi,El Kelâa des Sraghna,Oulad El Garne,32.129318,-7.33447
Marrakech-Safi,El Kelâa des Sraghna,Oulad Imloul,32.086699,-7.841832
Marrakech-Safi,El Kelâa des Sraghna,Oulad Khallouf,31.791839,-7.065586
Marrakech-Safi,El Kelâa des Sraghna,Oulad Massaoud,32.227516,-7.170416
Marrakech-Safi,El Kelâa des Sraghna,Oulad Msabbel,32.307718,-7.230554
Marrakech-Safi,El Kelâa des Sraghna,Oulad Sbih,32.05246,-7.525969
Marrakech-Safi,El Kelâa des Sraghna,Oulad Yaacoub,32.018655,-7.296644
Marrakech-Safi,El Kelâa des Sraghna,Oulad Zarrad,32.112817,-7.660715
Marrakech-Safi,El Kelâa des Sraghna,Sidi Ahmed El Khadir,32.501683,-7.371496
Marrakech-Safi,El Kelâa des Sraghna,Sidi Aissa Ben Slimane,31.948919,-7.186647
Marrakech-Safi,El Kelâa des Sraghna,Sidi El Hattab,32.345323,-7.322195
Marrakech-Safi,El Kelâa des Sraghna,Sidi Moussa,32.253439,-7.175033
Marrakech-Safi,El Kelâa des Sraghna,Sidi Rahhal,31.65401,-7.476841
Marrakech-Safi,El Kelâa des Sraghna,Sidi Yacoub,31.632364,-7.122668
Marrakech-Safi,El Kelâa des Sraghna,Sour El Aaz,31.849559,-7.050194
Marrakech-Safi,El Kelâa des Sraghna,Tamallalt,31.824767,-7.527241
Marrakech-Safi,El Kelâa des Sraghna,Taouzint,32.080901,-7.289618
Marrakech-Safi,El Kelâa des Sraghna,Tazart,31.570939,-7.407146
Marrakech-Safi,El Kelâa des Sraghna,Tidili Fetouaka,31.710618,-7.159594
Marrakech-Safi,El Kelâa des Sraghna,Tlauh,31.804411,-7.611122
Marrakech-Safi,El Kelâa des Sraghna,Zemrane,31.705027,-7.514554
Marrakech-Safi,El Kelâa des Sraghna,Zemrane Charqia,31.762141,-7.402251
Marrakech-Safi,El Kelâa des Sraghna,Znada,32.046551,-7.378051
Marrakech-Safi,Essaouira,Aglif,31.087244,-9.389432
Marrakech-Safi,Essaouira,Aguerd,31.421454,-9.629902
Marrakech-Safi,Essaouira,Ait Daoud,31.095239,-9.344891
Marrakech-Safi,Essaouira,Ait Said,31.436666,-9.461202
Marrakech-Safi,Essaouira,Aquermoud,31.771497,-9.538393
Marrakech-Safi,Essaouira,Bizdad,31.282612,-9.334649
Marrakech-Safi,Essaouira,Bouzemmour,31.014374,-9.373292
Marrakech-Safi,Essaouira,El Hanchane,31.52097,-9.434552
Marrakech-Safi,Essaouira,Essaouira,31.447689,-9.759936
Marrakech-Safi,Essaouira,Ezzaouite,31.32284,-9.423644
Marrakech-Safi,Essaouira,Had Dra,31.613807,-9.547448
Marrakech-Safi,Essaouira,Ida Ou Aazza,31.161106,-9.738566
Marrakech-Safi,Essaouira,Imgrade,31.113747,-9.581131
Marrakech-Safi,Essaouira,Imi N'Tlit,31.230696,-9.589742
Marrakech-Safi,Essaouira,Korimate,31.459407,-9.276251
Marrakech-Safi,Essaouira,Kouzemt,31.082133,-9.261895
Marrakech-Safi,Essaouira,Lagdadra,31.551527,-9.418347
Marrakech-Safi,Essaouira,Lahsinate,31.537841,-9.481715
Marrakech-Safi,Essaouira,Mejji,31.559292,-9.349236
Marrakech-Safi,Essaouira,Meskala,31.383517,-9.371479
Marrakech-Safi,Essaouira,Moulay Bouzarqtoune,31.662997,-9.630643
Marrakech-Safi,Essaouira,Ounagha,31.501356,-9.623359
Marrakech-Safi,Essaouira,Sidi Ahmed Essayeh,31.248944,-9.776418
Marrakech-Safi,Essaouira,Sidi Aissa Regragui,31.68205,-9.350044
Marrakech-Safi,Essaouira,Sidi Ali El Korati,31.808872,-9.423565
Marrakech-Safi,Essaouira,Sidi Boulaalam,31.686683,-9.284949
Marrakech-Safi,Essaouira,Sidi El Jazouli,31.341729,-9.530296
Marrakech-Safi,Essaouira,Sidi Ghaneme,31.2864,-9.468062
Marrakech-Safi,Essaouira,Sidi H'Mad Ou Hamed,31.345893,-9.679169
Marrakech-Safi,Essaouira,Sidi Ishaq,31.860818,-9.454915
Marrakech-Safi,Essaouira,Sidi Kaouki,31.387901,-9.729321
Marrakech-Safi,Essaouira,Smimou,31.226091,-9.696464
Marrakech-Safi,Essaouira,Tafedna,31.091773,-9.759552
Marrakech-Safi,Essaouira,Tafetachte,31.623513,-9.277297
Marrakech-Safi,Essaouira,Tahelouante,31.17823,-9.325336
Marrakech-Safi,Essaouira,Takate,31.675961,-9.474127
Marrakech-Safi,Essaouira,Takoucht,31.220523,-9.450776
Marrakech-Safi,Essaouira,Tamanar,31.004175,-9.669418
Marrakech-Safi,Essaouira,Targante,31.030182,-9.667702
Marrakech-Safi,Essaouira,Tidzi,31.268644,-9.671272
Marrakech-Safi,Essaouira,Timizguida-Ouftas,30.998999,-9.768756
Marrakech-Safi,Essaouira,Zaouiat Ben Hmida,31.733624,-9.364664
Marrakech-Safi,Marrakech,Ait Faska,31.541111,-7.69759
Marrakech-Safi,Marrakech,Ait Imour,31.548793,-8.343696
Marrakech-Safi,Marrakech,Ait Ourir,31.561443,-7.672963
Marrakech-Safi,Marrakech,Ait Sidi Daoud,31.610031,-7.671967
Marrakech-Safi,Marrakech,Al Ouidane,31.630347,-7.836058
Marrakech-Safi,Marrakech,Bourrous,31.758407,-7.791864
Marrakech-Safi,Marrakech,Harbil,31.787683,-8.119131
Marrakech-Safi,Marrakech,Jaidate,31.697196,-7.727987
Marrakech-Safi,Marrakech,Jbilate,31.832108,-7.922608
Marrakech-Safi,Marrakech,Loudaya,31.645193,-8.303278
Marrakech-Safi,Marrakech,M'Nabha,31.956798,-8.127278
Marrakech-Safi,Marrakech,Marrakech,31.627312,-7.987035
Marrakech-Safi,Marrakech,Mechouar Kasbah,31.599007,-7.990187
Marrakech-Safi,Marrakech,Ouahat Sidi Brahim,31.727367,-7.968364
Marrakech-Safi,Marrakech,Oulad Hassoun,31.636498,-7.811647
Marrakech-Safi,Marrakech,Ras Ain Rhamna,31.700974,-7.638976
Marrakech-Safi,Marrakech,Saâda,31.618772,-8.132157
Marrakech-Safi,Marrakech,Sid Zouine,31.64383,-8.372743
Marrakech-Safi,Marrakech,Sidi Abdallah Ghiat,31.510925,-7.842415
Marrakech-Safi,Marrakech,Sidi Bou Othmane,31.911094,-7.945219
Marrakech-Safi,Marrakech,Sidi Boubker,31.849965,-7.750406
Marrakech-Safi,Marrakech,Souihla,31.613561,-8.200995
Marrakech-Safi,Marrakech,Tamaguert,31.540111,-7.54718
Marrakech-Safi,Marrakech,Tamazouzte,31.494499,-7.790419
Marrakech-Safi,Marrakech,Tasoultante,31.544883,-7.99732
Marrakech-Safi,Marrakech,Touama,31.547001,-7.493374
Marrakech-Safi,Rehamna,Ait Hammou,32.21481,-8.249586
Marrakech-Safi,Rehamna,Ait Taleb,32.383541,-8.185672
Marrakech-Safi,Rehamna,Ben Guerir,32.232326,-7.943472
Marrakech-Safi,Rehamna,Khmis Ksiba,32.514448,-8.212103
Marrakech-Safi,Rehamna,Labrikiyne,32.288197,-8.073176
Marrakech-Safi,Rehamna,Nzalat Laadam,32.066561,-8.065296
Marrakech-Safi,Rehamna,Oulad Boussaken,32.557292,-8.141081
Marrakech-Safi,Rehamna,Oulad Hassoune Hamri,32.292331,-7.885613
Marrakech-Safi,Rehamna,Sidi Abdallah,32.596654,-7.825759
Marrakech-Safi,Rehamna,Sidi Ali Labrahla,32.193969,-8.003459
Marrakech-Safi,Rehamna,Sidi Ghanem,32.692521,-7.974056
Marrakech-Safi,Rehamna,Sidi Mansour,32.450701,-8.090066
Marrakech-Safi,Rehamna,Skhour Rhamna,32.469962,-7.978823
Marrakech-Safi,Rehamna,Skoura Lhadra,32.47048,-7.759424
Marrakech-Safi,Rehamna,Tamda,32.438916,-8.340616
Marrakech-Safi,Safi,Atouabet,31.948442,-9.292693
Marrakech-Safi,Safi,Ayir,32.604729,-9.087257
Marrakech-Safi,Safi,Bouguedra,32.230544,-8.956423
Marrakech-Safi,Safi,Chahda,32.335938,-8.906139
Marrakech-Safi,Safi,Dar Si Aissa,32.385728,-9.029012
Marrakech-Safi,Safi,El Beddouza,32.537923,-9.211373
Marrakech-Safi,Safi,El Ghiate,31.983232,-9.147223
Marrakech-Safi,Safi,Hrara,32.422342,-9.176608
Marrakech-Safi,Safi,Khatazakane,32.216728,-9.130778
Marrakech-Safi,Safi,Lamaachate,32.001942,-9.361046
Marrakech-Safi,Safi,Lamrasla,32.01397,-8.915619
Marrakech-Safi,Safi,Loualidia,32.707249,-8.972566
Marrakech-Safi,Safi,Mkhalif,31.878471,-9.239937
Marrakech-Safi,Safi,Moul El Bergui,32.507377,-8.978936
Marrakech-Safi,Safi,Nagga,32.0506,-9.049051
Marrakech-Safi,Safi,Oulad Salmane,32.11952,-9.205934
Marrakech-Safi,Safi,Saadla,32.34182,-9.107334
Marrakech-Safi,Safi,Safi,32.264918,-9.231236
Marrakech-Safi,Safi,Sebt Gzoula,32.122188,-9.086895
Marrakech-Safi,Safi,Sidi Abdeljalil,31.818012,-9.322102
Marrakech-Safi,Safi,Sidi Aissa,32.414571,-8.904113
Marrakech-Safi,Safi,Sidi Ettiji,32.147946,-8.904818
Marrakech-Safi,Safi,Talmest,31.818464,-9.343786
Marrakech-Safi,Youssoufia,Atiamim,32.077867,-8.548272
Marrakech-Safi,Youssoufia,Bouchane,32.343892,-8.371347
Marrakech-Safi,Youssoufia,Echemmaia,32.066047,-8.648383
Marrakech-Safi,Youssoufia,El Gantour,32.226853,-8.468559
Marrakech-Safi,Youssoufia,El Gouraani,32.314307,-8.765159
Marrakech-Safi,Youssoufia,Esbiaat,32.201183,-8.639529
Marrakech-Safi,Youssoufia,Jamaat Shaim,32.358164,-8.827455
Marrakech-Safi,Youssoufia,Jdour,32.110125,-8.756201
Marrakech-Safi,Youssoufia,Jnane Bouih,31.967256,-8.71486
Marrakech-Safi,Youssoufia,Koudiat Bni Dghough,32.430094,-8.484962
Marrakech-Safi,Youssoufia,Labkhati,32.408033,-8.663514
Marrakech-Safi,Youssoufia,Lahdar,32.447874,-8.819696
Marrakech-Safi,Youssoufia,Lakhoualqa,32.061962,-8.359551
Marrakech-Safi,Youssoufia,Lamsabih,32.293149,-8.68894
Marrakech-Safi,Youssoufia,Oulad Aamer Tizmarine,32.246213,-8.400376
Marrakech-Safi,Youssoufia,Oulad Amrane,32.370189,-8.539357
Marrakech-Safi,Youssoufia,Ouled Dlim,31.902794,-8.302263
Marrakech-Safi,Youssoufia,Ras El Ain,31.950284,-8.485296
Marrakech-Safi,Youssoufia,Youssoufia,32.251629,-8.532816
Oriental,Berkane,Aghbal,34.938984,-2.138465
Oriental,Berkane,Ahfir,34.953502,-2.097042
Oriental,Berkane,Aklim,34.88388,-2.521129
Oriental,Berkane,Al Aioun,34.577477,-2.503523
Oriental,Berkane,Al Barkanyene,35.057037,-2.562727
Oriental,Berkane,Aïn Reggada,34.935981,-2.230102
Oriental,Berkane,Berkane,34.92388,-2.324922
Oriental,Berkane,Boughriba,34.925147,-2.503666
Oriental,Berkane,Chouihia,34.811646,-2.655951
Oriental,Berkane,Fezouane,34.904554,-2.235925
Oriental,Berkane,Labsara,34.683126,-2.20731
Oriental,Berkane,Laâtamna,35.027003,-2.265417
Oriental,Berkane,Madagh,35.052792,-2.362144
Oriental,Berkane,Oulad Daoud Zkhanine,35.013572,-2.570833
Oriental,Berkane,Ras El Ma,35.114767,-2.412246
Oriental,Berkane,Rislane,34.70333,-2.462138
Oriental,Berkane,Saidia,35.090766,-2.267375
Oriental,Berkane,Sidi Bouhria,34.694593,-2.318836
Oriental,Berkane,Sidi Slimane Echcharaa,34.909538,-2.353979
Oriental,Berkane,Tafoughalt,34.795272,-2.354425
Oriental,Berkane,Zegzel,34.91616,-2.34871
Oriental,Driouch,Afsou,34.819776,-3.139035
Oriental,Driouch,Ait Mait,35.07632,-3.34678
Oriental,Driouch,Amejjaou,35.13794,-3.241723
Oriental,Driouch,Aïn Zohra,34.666743,-3.518382
Oriental,Driouch,Ben Taïeb,35.036726,-3.451461
Oriental,Driouch,Bni Marghnine,35.177738,-3.580196
Oriental,Driouch,Dar El Kebdani,35.139784,-3.333235
Oriental,Driouch,Driouch,34.973647,-3.385133
Oriental,Driouch,Ifarni,35.001824,-3.638535
Oriental,Driouch,M'Hajer,35.106338,-3.492912
Oriental,Driouch,Midar,34.935998,-3.545971
Oriental,Driouch,Mtalssa,34.869615,-3.412161
Oriental,Driouch,Oulad Boubker,34.784436,-3.395498
Oriental,Driouch,Ourdana,35.066733,-3.41925
Oriental,Driouch,Sidi Ali bourakba,34.823711,-3.716384
Oriental,Driouch,Tafersit,35.020579,-3.56799
Oriental,Driouch,Talilit,35.136101,-3.566149
Oriental,Driouch,Tazaghine,35.178934,-3.464657
Oriental,Driouch,Temsamane,35.104942,-3.62746
Oriental,Driouch,Tizi Ouzli,34.747217,-3.755247
Oriental,Driouch,Tiztoutine,34.962461,-3.166824
Oriental,Driouch,Tleta Azlef,34.904502,-3.63721
Oriental,Figuig,Abou Lakhal,32.289215,-1.511013
Oriental,Figuig,Ain Chair,32.220611,-2.509739
Oriental,Figuig,Bni Guil,32.448134,-1.79068
Oriental,Figuig,Bouanane,32.208896,-2.841412
Oriental,Figuig,Bouarfa,32.52846,-1.96238
Oriental,Figuig,Figuig,32.123561,-1.251569
Oriental,Guercif,Assebbab,33.940624,-3.555837
Oriental,Guercif,Bouchaouene,32.793267,-3.055194
Oriental,Guercif,Debdou,33.984345,-3.040439
Oriental,Guercif,Fritissa,33.697003,-3.438199
Oriental,Guercif,Guercif,34.235159,-3.351055
Oriental,Guercif,Houara Oulad Raho,34.197105,-3.298308
Oriental,Guercif,Lamrija,33.931773,-3.278763
Oriental,Guercif,Mazguitam,34.50176,-3.639788
Oriental,Guercif,Oulad M'Hammed,33.529515,-3.063785
Oriental,Guercif,Saka,34.547266,-3.251404
Oriental,Guercif,Sidi Ali Belkassem,33.990913,-3.0129
Oriental,Guercif,Tissaf,33.333067,-3.32749
Oriental,Jerada,Ain Bni Mathar,34.018872,-2.026809
Oriental,Jerada,Ain Lehjer,34.498035,-2.477501
Oriental,Jerada,Bni Mathar,33.97511,-1.995065
Oriental,Jerada,Guefait,34.259492,-2.267855
Oriental,Jerada,Guenfouda,34.449687,-1.996053
Oriental,Jerada,Jerada,34.306594,-2.182694
Oriental,Jerada,Laaouinate,34.334733,-2.134282
Oriental,Jerada,Lebkhata,34.177733,-2.401794
Oriental,Jerada,Maatarka,33.135593,-2.551746
Oriental,Jerada,Merija,33.926745,-2.279314
Oriental,Jerada,Mestferki,34.494935,-2.262763
Oriental,Jerada,Naima,34.60386,-2.221212
Oriental,Jerada,Ouled Ghziyel,33.859819,-2.531361
Oriental,Jerada,Ouled Sidi Abdelhakem,33.974111,-1.775856
Oriental,Jerada,Sidi Boulenouar,34.51723,-2.113167
Oriental,Jerada,Tancherfi,34.382899,-2.489645
Oriental,Jerada,Tendrara,33.205291,-1.86623
Oriental,Jerada,Tiouli,34.337312,-1.870108
Oriental,Nador,Al Aroui,35.021062,-2.995705
Oriental,Nador,Arekmane,35.059828,-2.701566
Oriental,Nador,Beni Ansar,35.272961,-2.925777
Oriental,Nador,Beni Chiker,35.317225,-3.01649
Oriental,Nador,Bni Bouifrou,35.148288,-2.999824
Oriental,Nador,Bni Oukil Oulad M'Hand,34.968024,-2.999192
Oriental,Nador,Bni Sidel Jbel,35.217206,-3.07614
Oriental,Nador,Bni Sidel Louta,35.101713,-3.129996
Oriental,Nador,Bouarg,35.125338,-2.88155
Oriental,Nador,Hassi Berkane,34.807937,-2.933148
Oriental,Nador,Iaazzanene,35.232686,-3.124718
Oriental,Nador,Ihaddaden,35.198226,-2.982204
Oriental,Nador,Iksane,35.089476,-3.024675
Oriental,Nador,Nador,35.173652,-2.930776
Oriental,Nador,Ouled Settout,34.920008,-2.737635
Oriental,Nador,Selouane,35.046683,-2.963101
Oriental,Nador,Zaïo,34.939495,-2.735821
Oriental,Nador,Zeghanghane,35.153572,-3.005683
Oriental,Oujda-Angad,Ahl Angad,34.692196,-1.849202
Oriental,Oujda-Angad,Ain Sfa,34.763878,-2.13665
Oriental,Oujda-Angad,Bni Drar,34.860196,-1.989793
Oriental,Oujda-Angad,Bni Khaled,34.864929,-2.00701
Oriental,Oujda-Angad,Isly,34.69142,-2.046472
Oriental,Oujda-Angad,Oujda,34.692849,-1.908909
Oriental,Oujda-Angad,Ras Asfour,34.53009,-1.837529
Oriental,Oujda-Angad,Sidi Boubker,34.471689,-1.739641
Oriental,Oujda-Angad,Sidi Moussa Lamhaya,34.584262,-2.120541
Oriental,Oujda-Angad,Touissit,34.477764,-1.765645
Oriental,Taourirt,Ahl Oued Za,34.291714,-2.806737
Oriental,Taourirt,El Atef,33.787498,-2.894814
Oriental,Taourirt,Gteter,34.298287,-3.02579
Oriental,Taourirt,Mechraa Hammadi,34.666074,-2.661579
Oriental,Taourirt,Melga el Ouidane,34.529348,-2.960681
Oriental,Taourirt,Mestegmer,34.516529,-2.775155
Oriental,Taourirt,Sidi Lahsen,34.03571,-2.665684
Oriental,Taourirt,Taourirt,34.403408,-2.898734
Rabat-Salé-Kénitra,Khemisset,Ain Sbit,33.490878,-6.475539
Rabat-Salé-Kénitra,Khemisset,Ait Belkacem,33.828397,-6.375009
Rabat-Salé-Kénitra,Khemisset,Ait Bouyahya El Hajjama,33.875571,-6.298321
Rabat-Salé-Kénitra,Khemisset,Ait Ichou,33.532156,-6.039912
Rabat-Salé-Kénitra,Khemisset,Ait Ikkou,33.654406,-6.084796
Rabat-Salé-Kénitra,Khemisset,Ait Mimoune,33.663547,-5.83759
Rabat-Salé-Kénitra,Khemisset,Ait Ouribel,33.770706,-6.11783
Rabat-Salé-Kénitra,Khemisset,Ait Siberne,33.848132,-5.865402
Rabat-Salé-Kénitra,Khemisset,Ait Yadine,33.947603,-5.994622
Rabat-Salé-Kénitra,Khemisset,Bouqachmir,33.504449,-5.892479
Rabat-Salé-Kénitra,Khemisset,El Kansera,34.022964,-5.960878
Rabat-Salé-Kénitra,Khemisset,Houderrane,33.718673,-6.313515
Rabat-Salé-Kénitra,Khemisset,Jemaat Moul Blad,33.66073,-6.449019
Rabat-Salé-Kénitra,Khemisset,Khemis Sidi Yahya,33.793945,-6.237478
Rabat-Salé-Kénitra,Khemisset,Khémisset,33.824753,-6.070023
Rabat-Salé-Kénitra,Khemisset,M'Qam Tolba,34.013941,-6.253141
Rabat-Salé-Kénitra,Khemisset,Maaziz,33.699687,-6.341634
Rabat-Salé-Kénitra,Khemisset,Majmaa Tolba,33.719263,-6.002088
Rabat-Salé-Kénitra,Khemisset,Moulay Bouazza,33.253134,-6.13434
Rabat-Salé-Kénitra,Khemisset,Oulmes,33.390977,-5.991896
Rabat-Salé-Kénitra,Khemisset,Sebt Aït Rahou,33.293545,-6.273696
Rabat-Salé-Kénitra,Khemisset,Sfassif,33.922192,-5.836836
Rabat-Salé-Kénitra,Khemisset,Sidi Abderrazak,34.026496,-6.145978
Rabat-Salé-Kénitra,Khemisset,Sidi Allal Lamsadder,33.884436,-6.149813
Rabat-Salé-Kénitra,Khemisset,Sidi El Ghandour,33.867146,-6.005059
Rabat-Salé-Kénitra,Khemisset,Tiddas,33.567718,-6.272318
Rabat-Salé-Kénitra,Khemisset,Tiflet,33.896174,-6.323189
Rabat-Salé-Kénitra,Kénitra,Ain Johra-Sidi Boukhalkhal,34.014906,-6.401752
Rabat-Salé-Kénitra,Kénitra,Ait Ali Ou Lahcen,34.030611,-6.494866
Rabat-Salé-Kénitra,Kénitra,Ait Malek,33.949809,-6.472433
Rabat-Salé-Kénitra,Kénitra,Ameur Seflia,34.275716,-6.350384
Rabat-Salé-Kénitra,Kénitra,Ben Mansour,34.597579,-6.404019
Rabat-Salé-Kénitra,Kénitra,Haddada,34.192463,-6.507501
Rabat-Salé-Kénitra,Kénitra,Kénitra,34.256562,-6.581968
Rabat-Salé-Kénitra,Kénitra,Mehdya,34.255945,-6.658931
Rabat-Salé-Kénitra,Kénitra,Mnasra,34.370379,-6.556954
Rabat-Salé-Kénitra,Kénitra,Mograne,34.449064,-6.35994
Rabat-Salé-Kénitra,Kénitra,Oulad Slama,34.343118,-6.491718
Rabat-Salé-Kénitra,Kénitra,Sidi Allal El Bahraoui,34.002243,-6.52705
Rabat-Salé-Kénitra,Kénitra,Sidi Allal Tazi,34.570627,-6.264343
Rabat-Salé-Kénitra,Kénitra,Sidi Mohamed Ben Mansour,34.687723,-6.298387
Rabat-Salé-Kénitra,Kénitra,Sidi Taibi,34.183393,-6.651441
Rabat-Salé-Kénitra,Kénitra,Sidi Yahya du Gharb,34.307692,-6.293584
Rabat-Salé-Kénitra,Rabat,Rabat,33.967124,-6.846021
Rabat-Salé-Kénitra,Rabat,Touarga,34.006105,-6.834421
Rabat-Salé-Kénitra,Salé,Ameur,34.092255,-6.665704
Rabat-Salé-Kénitra,Salé,Salé,34.015832,-6.764609
Rabat-Salé-Kénitra,Salé,Shoul,33.915649,-6.618243
Rabat-Salé-Kénitra,Salé,Sidi Bouknadel,34.119582,-6.739084
Rabat-Salé-Kénitra,Sidi Kacem,Ain Jemaa,34.07863,-5.784557
Rabat-Salé-Kénitra,Sidi Kacem,Ain Karma-Oued Rommane,34.068824,-5.683235
Rabat-Salé-Kénitra,Sidi Kacem,Bab Tiouka,34.214041,-5.620557
Rabat-Salé-Kénitra,Sidi Kacem,Bir Taleb,34.338451,-5.656693
Rabat-Salé-Kénitra,Sidi Kacem,Chbanate,34.268891,-5.735332
Rabat-Salé-Kénitra,Sidi Kacem,Khnichet,34.429112,-5.656963
Rabat-Salé-Kénitra,Sidi Kacem,Mkansa,34.335147,-5.406259
Rabat-Salé-Kénitra,Sidi Kacem,Oulad Nouel,34.498476,-5.661754
Rabat-Salé-Kénitra,Sidi Kacem,Selfat,34.236658,-5.485373
Rabat-Salé-Kénitra,Sidi Kacem,Sidi Kacem,34.222276,-5.715238
Rabat-Salé-Kénitra,Sidi Kacem,Taoughilt,34.413981,-5.511689
Rabat-Salé-Kénitra,Sidi Kacem,Tekna,34.347718,-5.561318
Rabat-Salé-Kénitra,Sidi Kacem,Zaggota,34.182375,-5.565047
Rabat-Salé-Kénitra,Sidi Kacem,Zirara,34.218954,-5.751009
Rabat-Salé-Kénitra,Sidi Slimane,Al Haouafate,34.462169,-5.991918
Rabat-Salé-Kénitra,Sidi Slimane,Ameur Chamalia,34.374793,-6.204133
Rabat-Salé-Kénitra,Sidi Slimane,Azghar,34.175562,-5.905287
Rabat-Salé-Kénitra,Sidi Slimane,Boumaiz,34.299068,-5.970051
Rabat-Salé-Kénitra,Sidi Slimane,Dar Bel Amri,34.178933,-6.070094
Rabat-Salé-Kénitra,Sidi Slimane,Dar Gueddari,34.420233,-6.083617
Rabat-Salé-Kénitra,Sidi Slimane,Dar Laaslouji,34.380609,-5.956837
Rabat-Salé-Kénitra,Sidi Slimane,Ermilate,34.437179,-6.142112
Rabat-Salé-Kénitra,Sidi Slimane,Kceibya,34.291661,-6.161253
Rabat-Salé-Kénitra,Sidi Slimane,M'Saada,34.38177,-5.849422
Rabat-Salé-Kénitra,Sidi Slimane,Mechra Bel Ksiri,34.576405,-5.966598
Rabat-Salé-Kénitra,Sidi Slimane,Nouirate,34.583356,-5.946491
Rabat-Salé-Kénitra,Sidi Slimane,Oulad Ben Hammadi,34.239861,-5.831688
Rabat-Salé-Kénitra,Sidi Slimane,Oulad H'Cine,34.415275,-5.803583
Rabat-Salé-Kénitra,Sidi Slimane,Sefsaf,34.55316,-6.013944
Rabat-Salé-Kénitra,Sidi Slimane,Sfafaa,34.331245,-5.985516
Rabat-Salé-Kénitra,Sidi Slimane,Sidi Al Kamel,34.553673,-6.20749
Rabat-Salé-Kénitra,Sidi Slimane,Sidi M'Hamed Chelh,34.476121,-5.7804
Rabat-Salé-Kénitra,Sidi Slimane,Sidi Slimane,34.263955,-5.922292
Rabat-Salé-Kénitra,Sidi Slimane,Souk El Arba Du Gharb,34.675544,-5.996815
Rabat-Salé-Kénitra,Sidi Slimane,Souk Tlet El Gharb,34.653892,-6.166531
Rabat-Salé-Kénitra,Skhirate-Témara,Ain El Aouda,33.802331,-6.79687
Rabat-Salé-Kénitra,Skhirate-Témara,Aïn Attig,33.884491,-6.965241
Rabat-Salé-Kénitra,Skhirate-Témara,Brachoua,33.716514,-6.649352
Rabat-Salé-Kénitra,Skhirate-Témara,El Menzeh,33.857228,-6.856177
Rabat-Salé-Kénitra,Skhirate-Témara,Harhoura,33.928707,-6.958885
Rabat-Salé-Kénitra,Skhirate-Témara,Marchouch,33.56368,-6.635582
Rabat-Salé-Kénitra,Skhirate-Témara,Mers El Kheir,33.873902,-6.912553
Rabat-Salé-Kénitra,Skhirate-Témara,Moulay Driss Aghbal,33.721365,-6.508784
Rabat-Salé-Kénitra,Skhirate-Témara,Oumazza,33.82432,-6.783291
Rabat-Salé-Kénitra,Skhirate-Témara,Rommani,33.526063,-6.604327
Rabat-Salé-Kénitra,Skhirate-Témara,Sabbah,33.804193,-7.025832
Rabat-Salé-Kénitra,Skhirate-Témara,Sidi Yahya Zaer,33.704262,-6.883452
Rabat-Salé-Kénitra,Skhirate-Témara,Skhirate,33.846949,-7.056549
Rabat-Salé-Kénitra,Skhirate-Témara,Témara,33.907516,-6.900994
Souss-Massa,Agadir-Ida Ou Tanane,Adaghas,30.896999,-9.34438
Souss-Massa,Agadir-Ida Ou Tanane,Agadir,30.422039,-9.580328
Souss-Massa,Agadir-Ida Ou Tanane,Ait Aissi Ihahane,30.906864,-9.424827
Souss-Massa,Agadir-Ida Ou Tanane,Aourir,30.521139,-9.610881
Souss-Massa,Agadir-Ida Ou Tanane,Aqesri,30.592379,-9.516125
Souss-Massa,Agadir-Ida Ou Tanane,Aziar,30.785576,-9.574129
Souss-Massa,Agadir-Ida Ou Tanane,Ida Ou Guelloul,30.940799,-9.70034
Souss-Massa,Agadir-Ida Ou Tanane,Ida Ou Kazzou,30.940423,-9.585862
Souss-Massa,Agadir-Ida Ou Tanane,Idmine,30.61009,-9.373041
Souss-Massa,Agadir-Ida Ou Tanane,Imouzzer,30.671732,-9.56193
Souss-Massa,Agadir-Ida Ou Tanane,Imsouane,30.844578,-9.7728
Souss-Massa,Agadir-Ida Ou Tanane,Sidi Hmad Ou M'Barek,30.844898,-9.698078
Souss-Massa,Agadir-Ida Ou Tanane,Tadrart,30.791831,-9.459152
Souss-Massa,Agadir-Ida Ou Tanane,Taghazout,30.584448,-9.675099
Souss-Massa,Agadir-Ida Ou Tanane,Tamri,30.693841,-9.751379
Souss-Massa,Agadir-Ida Ou Tanane,Tiqqi,30.77577,-9.349788
Souss-Massa,Chtouka-Aït Baha,Afella Ighir,29.566395,-8.777766
Souss-Massa,Chtouka-Aït Baha,Ahl Ramel,30.287733,-9.121799
Souss-Massa,Chtouka-Aït Baha,Ait Abdellah,29.822342,-8.736585
Souss-Massa,Chtouka-Aït Baha,Ait Baha,30.06923,-9.157944
Souss-Massa,Chtouka-Aït Baha,Ait Milk,29.95568,-9.42363
Souss-Massa,Chtouka-Aït Baha,Ait Mzal,30.035231,-9.126369
Souss-Massa,Chtouka-Aït Baha,Ait Ouadrim,30.018535,-9.254324
Souss-Massa,Chtouka-Aït Baha,Ammelne,29.732095,-8.96756
Souss-Massa,Chtouka-Aït Baha,Aouguenz,29.825989,-9.162928
Souss-Massa,Chtouka-Aït Baha,Arbaa Aït Ahmed,29.765059,-9.344184
Souss-Massa,Chtouka-Aït Baha,Belfaa,29.980302,-9.512871
Souss-Massa,Chtouka-Aït Baha,Hilala,30.051272,-8.985616
Souss-Massa,Chtouka-Aït Baha,Ida Ougnidif,29.91226,-8.980975
Souss-Massa,Chtouka-Aït Baha,Imi Mqourn,30.172988,-9.215399
Souss-Massa,Chtouka-Aït Baha,Irigh N'Tahala,29.622261,-9.084555
Souss-Massa,Chtouka-Aït Baha,Lagfifat,30.312924,-9.255072
Souss-Massa,Chtouka-Aït Baha,Sidi Abdallah El Bouchouari,29.898014,-9.32919
Souss-Massa,Chtouka-Aït Baha,Sidi Boushab,30.085842,-9.306225
Souss-Massa,Chtouka-Aït Baha,Sidi Mzal,29.863001,-8.893249
Souss-Massa,Chtouka-Aït Baha,Tabia,29.994335,-8.887293
Souss-Massa,Chtouka-Aït Baha,Tafraout,29.698702,-8.995066
Souss-Massa,Chtouka-Aït Baha,Tafraout El Mouloud,29.664899,-9.227787
Souss-Massa,Chtouka-Aït Baha,Tanalt,29.765596,-9.116504
Souss-Massa,Chtouka-Aït Baha,Targua Ntouchka,29.905691,-9.184201
Souss-Massa,Chtouka-Aït Baha,Tarsouat,29.54114,-9.013874
Souss-Massa,Chtouka-Aït Baha,Tassegdelt,30.148306,-9.095728
Souss-Massa,Chtouka-Aït Baha,Tassrirt,29.639157,-8.861303
Souss-Massa,Chtouka-Aït Baha,Tidsi Nissendalene,30.181797,-8.973782
Souss-Massa,Chtouka-Aït Baha,Tizi Ntakoucht,29.960802,-9.075955
Souss-Massa,Chtouka-Aït Baha,Tizoughrane,29.589075,-9.192296
Souss-Massa,Chtouka-Aït Baha,Tnine Aday,29.709006,-9.230148
Souss-Massa,Chtouka-Aït Baha,Toufelaazt,30.051393,-8.818912
Souss-Massa,Chtouka-Aït Baha,Toumliline,29.949513,-8.752979
Souss-Massa,Inezgane-Aït Melloul,Ait Amira,30.154039,-9.466072
Souss-Massa,Inezgane-Aït Melloul,Ait Melloul,30.339251,-9.498141
Souss-Massa,Inezgane-Aït Melloul,Amskroud,30.486031,-9.381609
Souss-Massa,Inezgane-Aït Melloul,Biougra,30.21296,-9.370802
Souss-Massa,Inezgane-Aït Melloul,Dcheïra El Jihadia,30.379916,-9.534705
Souss-Massa,Inezgane-Aït Melloul,Drargua,30.447579,-9.474151
Souss-Massa,Inezgane-Aït Melloul,Eddir,30.555834,-9.238715
Souss-Massa,Inezgane-Aït Melloul,Inchaden,30.104121,-9.566497
Souss-Massa,Inezgane-Aït Melloul,Inezgane,30.357075,-9.541705
Souss-Massa,Inezgane-Aït Melloul,Issen,30.443282,-9.240517
Souss-Massa,Inezgane-Aït Melloul,Lqliaa,30.313821,-9.528513
Souss-Massa,Inezgane-Aït Melloul,Ouad Essafa,30.213321,-9.353553
Souss-Massa,Inezgane-Aït Melloul,Oulad Dahou,30.372972,-9.316066
Souss-Massa,Inezgane-Aït Melloul,Ouled Teima,30.387837,-9.197249
Souss-Massa,Inezgane-Aït Melloul,Sidi Bibi,30.226825,-9.539751
Souss-Massa,Inezgane-Aït Melloul,Sidi Boumoussa,30.382637,-9.248591
Souss-Massa,Inezgane-Aït Melloul,Sidi Ouassay,30.05443,-9.652938
Souss-Massa,Inezgane-Aït Melloul,Temsia,30.350334,-9.403429
Souss-Massa,Taroudant,Aghbar,30.911876,-8.493933
Souss-Massa,Taroudant,Ahmar Laglalcha,30.488869,-8.970463
Souss-Massa,Taroudant,Ait Haddou Youssef,30.88917,-8.699833
Souss-Massa,Taroudant,Ait Iaaza,30.503031,-8.800539
Souss-Massa,Taroudant,Ait Igas,30.587306,-8.720421
Souss-Massa,Taroudant,Ait Makhlouf,30.60771,-8.917076
Souss-Massa,Taroudant,Amalou,30.180436,-8.751825
Souss-Massa,Taroudant,Aoulouz,30.660866,-8.185286
Souss-Massa,Taroudant,Arazane,30.466883,-8.533076
Souss-Massa,Taroudant,Argana,30.735598,-9.06068
Souss-Massa,Taroudant,Assads,30.206951,-8.889566
Souss-Massa,Taroudant,Assais,30.922298,-9.217291
Souss-Massa,Taroudant,Bigoudine,30.70577,-9.233387
Souss-Massa,Taroudant,Bounrar,30.309909,-8.769711
Souss-Massa,Taroudant,El Faid,30.54259,-8.230114
Souss-Massa,Taroudant,El Guerdane,30.366575,-9.016893
Souss-Massa,Taroudant,El Koudia El Beida,30.354792,-9.122946
Souss-Massa,Taroudant,Freija,30.491844,-8.717653
Souss-Massa,Taroudant,Ida Ou Gailal,30.665853,-8.61619
Souss-Massa,Taroudant,Ida Ou Moumen,30.581462,-9.006066
Souss-Massa,Taroudant,Igli,30.598775,-8.557063
Souss-Massa,Taroudant,Igoudar Mnabha,30.650842,-8.442884
Souss-Massa,Taroudant,Imaouen,30.023649,-8.613285
Souss-Massa,Taroudant,Imi N'Tayart,30.270992,-8.384632
Souss-Massa,Taroudant,Imilmaiss,30.879462,-8.82206
Souss-Massa,Taroudant,Imoulass,30.753507,-8.770091
Souss-Massa,Taroudant,Irherm,30.090151,-8.502006
Souss-Massa,Taroudant,Lakhnafif,30.401328,-8.998836
Souss-Massa,Taroudant,Lamhadi,30.326186,-9.016592
Souss-Massa,Taroudant,Lamhara,30.551796,-8.456821
Souss-Massa,Taroudant,Lamnizla,30.644463,-9.09496
Souss-Massa,Taroudant,Machraa El Ain,30.372233,-8.928536
Souss-Massa,Taroudant,Nihit,30.313042,-8.517968
Souss-Massa,Taroudant,Oualqadi,30.204494,-8.500246
Souss-Massa,Taroudant,Oulad Berhil,30.641325,-8.478567
Souss-Massa,Taroudant,Ouled Aissa,30.543636,-8.613769
Souss-Massa,Taroudant,Sidi Abdellah Ou Said,30.802867,-8.690043
Souss-Massa,Taroudant,Sidi Ahmed Ou Abdellah,30.330297,-8.608092
Souss-Massa,Taroudant,Sidi Ahmed Ou Amar,30.412172,-9.125868
Souss-Massa,Taroudant,Sidi Borja,30.428813,-8.831561
Souss-Massa,Taroudant,Sidi Dahmane,30.511124,-8.78606
Souss-Massa,Taroudant,Sidi Moussa Lhamri,30.503004,-9.1646
Souss-Massa,Taroudant,Sidi Ouaaziz,30.766902,-8.315352
Souss-Massa,Taroudant,Tafingoult,30.775116,-8.411566
Souss-Massa,Taroudant,Tafraouten,30.718791,-8.897895
Souss-Massa,Taroudant,Talgjount,30.764067,-8.593269
Souss-Massa,Taroudant,Talmakante,30.836392,-8.932116
Souss-Massa,Taroudant,Tamaloukte,30.615922,-8.793456
Souss-Massa,Taroudant,Taroudant,30.496109,-8.88131
Souss-Massa,Taroudant,Tataoute,30.25984,-8.671307
Souss-Massa,Taroudant,Tazemmourt,30.326159,-8.834603
Souss-Massa,Taroudant,Tigouga,30.837872,-8.611049
Souss-Massa,Taroudant,Timezgadiouine,30.908405,-8.997294
Souss-Massa,Taroudant,Timlilt,31.007372,-9.11224
Souss-Massa,Taroudant,Tindine,30.087713,-8.693839
Souss-Massa,Taroudant,Tinzart,30.630837,-8.380809
Souss-Massa,Taroudant,Tiout,30.410869,-8.673023
Souss-Massa,Taroudant,Tisfane,30.19288,-8.569528
Souss-Massa,Taroudant,Tizi N'Test,30.831979,-8.415314
Souss-Massa,Taroudant,Toughmart,30.417181,-8.407248
Souss-Massa,Taroudant,Zaouia Sidi Tahar,30.505024,-9.091936
Souss-Massa,Tata,Adar,30.163767,-8.327102
Souss-Massa,Tata,Adis,29.559643,-8.104511
Souss-Massa,Tata,Agadir Melloul,30.248457,-7.752828
Souss-Massa,Tata,Aguinane,30.108683,-7.449224
Souss-Massa,Tata,Ait Ouabelli,29.143656,-8.593791
Souss-Massa,Tata,Akka,29.339261,-8.153306
Souss-Massa,Tata,Akka Ighane,29.964907,-7.596022
Souss-Massa,Tata,Azaghar N'Irs,30.187815,-8.171986
Souss-Massa,Tata,Aznaguen,30.323351,-7.443042
Souss-Massa,Tata,Azrar,30.213948,-8.030534
Souss-Massa,Tata,Ibn Yacoub,30.010637,-7.842543
Souss-Massa,Tata,Issafen,29.868768,-8.513751
Souss-Massa,Tata,Kasbat Sidi Abdellah Ben M'Barek,29.456662,-8.333979
Souss-Massa,Tata,Oum El Guerdane,29.402917,-7.80157
Souss-Massa,Tata,Sidi Boaal,30.014998,-8.43848
Souss-Massa,Tata,Sidi Hsaine,30.458504,-7.739183
Souss-Massa,Tata,Tagmout,29.897089,-8.223043
Souss-Massa,Tata,Taliouine,30.530626,-7.923585
Souss-Massa,Tata,Tassousfi,30.449008,-7.90022
Souss-Massa,Tata,Tata,29.754568,-7.972211
Souss-Massa,Tata,Tigzmerte,29.73731,-8.07572
Souss-Massa,Tata,Tissint,29.678036,-7.357258
Souss-Massa,Tata,Tizaghte,29.601561,-8.506248
Souss-Massa,Tata,Tizgzaouine,30.387796,-8.067847
Souss-Massa,Tata,Tizounine,29.090832,-8.269478
Souss-Massa,Tiznit,Ait Erkha,29.347223,-9.638013
Souss-Massa,Tiznit,Ait Issafen,29.571202,-9.32499
Souss-Massa,Tiznit,Ait Ouafqa,29.409163,-9.1224
Souss-Massa,Tiznit,Anezi,29.676661,-9.359851
Souss-Massa,Tiznit,Anfeg,29.419951,-9.250318
Souss-Massa,Tiznit,Arbaa Rasmouka,29.803286,-9.525534
Souss-Massa,Tiznit,Arbaa Sahel,29.612253,-9.931382
Souss-Massa,Tiznit,Bounaamane,29.551529,-9.799549
Souss-Massa,Tiznit,Boutrouch,29.33132,-9.374414
Souss-Massa,Tiznit,El Maader El Kabir,29.826435,-9.65386
Souss-Massa,Tiznit,Ibdar,29.442812,-9.381896
Souss-Massa,Tiznit,Ida Ou Gougmar,29.515198,-9.35705
Souss-Massa,Tiznit,Ifrane Atlas-Saghir,29.21663,-9.504956
Souss-Massa,Tiznit,Lakhsas,29.370353,-9.75306
Souss-Massa,Tiznit,Massa,29.960183,-9.665184
Souss-Massa,Tiznit,Ouijjane,29.661826,-9.566606
Souss-Massa,Tiznit,Reggada,29.523056,-9.674879
Souss-Massa,Tiznit,Sebt Ennabour,29.420627,-9.58999
Souss-Massa,Tiznit,Sidi Abdallah Ou Belaid,29.296792,-9.602867
Souss-Massa,Tiznit,Sidi Ahmed Ou Moussa,29.511666,-9.499139
Souss-Massa,Tiznit,Sidi Bouabdelli,29.478075,-9.824923
Souss-Massa,Tiznit,Sidi H'Saine Ou Ali,29.357457,-9.73556
Souss-Massa,Tiznit,Tighirt,29.38335,-9.459488
Souss-Massa,Tiznit,Tighmi,29.629021,-9.447428
Souss-Massa,Tiznit,Tiznit,29.694641,-9.711314
Souss-Massa,Tiznit,Tnine Aglou,29.758161,-9.815208
Tanger-Tétouan-Al Hoceïma,Al Hoceïma,Ajdir,34.769951,-3.940339
Tanger-Tétouan-Al Hoceïma,Al Hoceïma,Al Hoceïma,35.236042,-3.938905
Tanger-Tétouan-Al Hoceïma,Al Hoceïma,Arbaa Taourirt,34.904653,-3.911639
Tanger-Tétouan-Al Hoceïma,Al Hoceïma,Aït Kamra,35.149771,-4.004801
Tanger-Tétouan-Al Hoceïma,Al Hoceïma,Aït Youssef Ou Ali,35.165957,-3.875172
Tanger-Tétouan-Al Hoceïma,Al Hoceïma,Bni Abdellah,35.040761,-4.058207
Tanger-Tétouan-Al Hoceïma,Al Hoceïma,Bni Bouayach,35.103332,-3.849863
Tanger-Tétouan-Al Hoceïma,Al Hoceïma,Bni Boufrah,35.070005,-4.308529
Tanger-Tétouan-Al Hoceïma,Al Hoceïma,Bni Gmil,35.063971,-4.412576
Tanger-Tétouan-Al Hoceïma,Al Hoceïma,Bni Hadifa,34.997616,-4.187683
Tanger-Tétouan-Al Hoceïma,Al Hoceïma,Boudinar,35.200045,-3.639856
Tanger-Tétouan-Al Hoceïma,Al Hoceïma,Bourd,34.745126,-4.046494
Tanger-Tétouan-Al Hoceïma,Al Hoceïma,Chakran,34.911085,-3.987043
Tanger-Tétouan-Al Hoceïma,Al Hoceïma,Ijarmaouas,35.051873,-3.738352
Tanger-Tétouan-Al Hoceïma,Al Hoceïma,Imrabten,35.046903,-3.979661
Tanger-Tétouan-Al Hoceïma,Al Hoceïma,Imzouren,35.143209,-3.844429
Tanger-Tétouan-Al Hoceïma,Al Hoceïma,Izemmouren,35.190599,-4.004796
Tanger-Tétouan-Al Hoceïma,Al Hoceïma,Louta,35.10903,-3.895256
Tanger-Tétouan-Al Hoceïma,Al Hoceïma,Nekkour,35.015291,-3.862083
Tanger-Tétouan-Al Hoceïma,Al Hoceïma,Oulad Amghar,35.24363,-3.698626
Tanger-Tétouan-Al Hoceïma,Al Hoceïma,Rouadi,35.160411,-4.171209
Tanger-Tétouan-Al Hoceïma,Al Hoceïma,Senada,35.085195,-4.205921
Tanger-Tétouan-Al Hoceïma,Al Hoceïma,Sidi Boutmim,34.928518,-4.266844
Tanger-Tétouan-Al Hoceïma,Al Hoceïma,Sidi Bouzineb,34.818817,-4.096258
Tanger-Tétouan-Al Hoceïma,Al Hoceïma,Targuist,34.940619,-4.329536
Tanger-Tétouan-Al Hoceïma,Al Hoceïma,Tifarouine,35.025339,-3.90555
Tanger-Tétouan-Al Hoceïma,Al Hoceïma,Trougout,35.185584,-3.768551
Tanger-Tétouan-Al Hoceïma,Al Hoceïma,Tsaft,34.95844,-3.76001
Tanger-Tétouan-Al Hoceïma,Al Hoceïma,Zouaiat sidi Abdelkader,34.923623,-4.124427
Tanger-Tétouan-Al Hoceïma,Chefchaouen,Al Hamra,35.349107,-5.362013
Tanger-Tétouan-Al Hoceïma,Chefchaouen,Al Oued,35.265003,-5.320284
Tanger-Tétouan-Al Hoceïma,Chefchaouen,Amtar,35.18488,-4.766257
Tanger-Tétouan-Al Hoceïma,Chefchaouen,Bab Berred,35.001005,-4.922007
Tanger-Tétouan-Al Hoceïma,Chefchaouen,Bab Taza,35.097204,-5.23299
Tanger-Tétouan-Al Hoceïma,Chefchaouen,Bni Ahmed Charqia,34.840346,-5.070748
Tanger-Tétouan-Al Hoceïma,Chefchaouen,Bni Ahmed Gharbia,34.815948,-5.137235
Tanger-Tétouan-Al Hoceïma,Chefchaouen,Bni Bouzra,35.269903,-4.890961
Tanger-Tétouan-Al Hoceïma,Chefchaouen,Bni Darkoul,35.044883,-5.092923
Tanger-Tétouan-Al Hoceïma,Chefchaouen,Bni Faghloum,34.908387,-5.137755
Tanger-Tétouan-Al Hoceïma,Chefchaouen,Bni Leit,35.303146,-5.432619
Tanger-Tétouan-Al Hoceïma,Chefchaouen,Bni Mansour,35.1511,-4.908588
Tanger-Tétouan-Al Hoceïma,Chefchaouen,Bni Salah,34.989816,-5.063952
Tanger-Tétouan-Al Hoceïma,Chefchaouen,Bni Selmane,35.163659,-5.023396
Tanger-Tétouan-Al Hoceïma,Chefchaouen,Bni Smih,35.138512,-4.764663
Tanger-Tétouan-Al Hoceïma,Chefchaouen,Chefchaouen,35.171888,-5.280613
Tanger-Tétouan-Al Hoceïma,Chefchaouen,Dardara,35.120506,-5.367755
Tanger-Tétouan-Al Hoceïma,Chefchaouen,Fifi,34.946623,-5.234482
Tanger-Tétouan-Al Hoceïma,Chefchaouen,Iounane,35.03434,-4.825353
Tanger-Tétouan-Al Hoceïma,Chefchaouen,Laghdir,35.03752,-5.391814
Tanger-Tétouan-Al Hoceïma,Chefchaouen,Moqrisset,34.928517,-5.311552
Tanger-Tétouan-Al Hoceïma,Chefchaouen,Oued Malha,34.921287,-5.021546
Tanger-Tétouan-Al Hoceïma,Chefchaouen,Oulad Ali Mansour,35.360242,-5.241709
Tanger-Tétouan-Al Hoceïma,Chefchaouen,Stehat,35.297278,-5.015607
Tanger-Tétouan-Al Hoceïma,Chefchaouen,Tabouda,34.743575,-5.102083
Tanger-Tétouan-Al Hoceïma,Chefchaouen,Talambote,35.167886,-5.160342
Tanger-Tétouan-Al Hoceïma,Chefchaouen,Tanaqoub,35.147949,-5.475079
Tanger-Tétouan-Al Hoceïma,Chefchaouen,Tassift,35.3054,-5.126689
Tanger-Tétouan-Al Hoceïma,Chefchaouen,Tazroute,35.307864,-5.531588
Tanger-Tétouan-Al Hoceïma,Chefchaouen,Tizgane,35.373233,-5.041096
Tanger-Tétouan-Al Hoceïma,Fahs-Anjra,Allyène,35.728378,-5.414194
Tanger-Tétouan-Al Hoceïma,Fahs-Anjra,Anjra,35.690961,-5.538052
Tanger-Tétouan-Al Hoceïma,Fahs-Anjra,Ksar Sghir,35.799848,-5.636239
Tanger-Tétouan-Al Hoceïma,Fahs-Anjra,Ksar al Majaz,35.825161,-5.511112
Tanger-Tétouan-Al Hoceïma,Fahs-Anjra,Malloussa,35.731647,-5.647444
Tanger-Tétouan-Al Hoceïma,Fahs-Anjra,Souk Kdim,35.60621,-5.524095
Tanger-Tétouan-Al Hoceïma,Fahs-Anjra,Taghramt,35.807924,-5.447794
Tanger-Tétouan-Al Hoceïma,Larache,Arbaoua,34.913497,-5.939344
Tanger-Tétouan-Al Hoceïma,Larache,Assilah,35.476958,-6.021511
Tanger-Tétouan-Al Hoceïma,Larache,Ayacha,35.385214,-5.834534
Tanger-Tétouan-Al Hoceïma,Larache,Bahhara Oulad Ayad,34.757752,-6.283455
Tanger-Tétouan-Al Hoceïma,Larache,Bni Garfett,35.233407,-5.84809
Tanger-Tétouan-Al Hoceïma,Larache,Chouafaa,34.942876,-6.173194
Tanger-Tétouan-Al Hoceïma,Larache,Khemis Sahel,35.244098,-6.062406
Tanger-Tétouan-Al Hoceïma,Larache,Ksar Bjir,34.984038,-5.881185
Tanger-Tétouan-Al Hoceïma,Larache,Ksar el-Kebir,35.005235,-5.915844
Tanger-Tétouan-Al Hoceïma,Larache,Lalla Mimouna,34.829716,-6.06255
Tanger-Tétouan-Al Hoceïma,Larache,Laouamra,35.073989,-6.142688
Tanger-Tétouan-Al Hoceïma,Larache,Larache,35.181346,-6.139343
Tanger-Tétouan-Al Hoceïma,Larache,Moulay Bousselham,34.881461,-6.204135
Tanger-Tétouan-Al Hoceïma,Larache,Oulad Ouchih,35.067852,-5.97127
Tanger-Tétouan-Al Hoceïma,Larache,Rissana Chamalia,35.265987,-5.948056
Tanger-Tétouan-Al Hoceïma,Larache,Rissana Janoubia,35.171387,-5.978342
Tanger-Tétouan-Al Hoceïma,Larache,Sahel Chamali,35.385114,-6.045976
Tanger-Tétouan-Al Hoceïma,Larache,Sidi Boubker El Haj,34.922667,-6.050153
Tanger-Tétouan-Al Hoceïma,Larache,Sidi Lyamani,35.372459,-5.968151
Tanger-Tétouan-Al Hoceïma,Larache,Sidi Mohamed Lahmar,34.745421,-6.213862
Tanger-Tétouan-Al Hoceïma,Larache,Souaken,35.117775,-5.941457
Tanger-Tétouan-Al Hoceïma,Larache,Souk Tolba,35.075285,-5.85938
Tanger-Tétouan-Al Hoceïma,Larache,Zaaroura,35.228267,-5.738012
Tanger-Tétouan-Al Hoceïma,Larache,Zouada,35.046945,-6.021979
Tanger-Tétouan-Al Hoceïma,M'diq-Fnideq,Belyounech,35.880526,-5.396465
Tanger-Tétouan-Al Hoceïma,M'diq-Fnideq,Ceuta,35.894431,-5.350125
Tanger-Tétouan-Al Hoceïma,M'diq-Fnideq,Fnideq,35.827314,-5.373004
Tanger-Tétouan-Al Hoceïma,M'diq-Fnideq,M'Diq,35.718224,-5.334807
Tanger-Tétouan-Al Hoceïma,Ouezzane,Ain Dfali,34.607712,-5.556266
Tanger-Tétouan-Al Hoceïma,Ouezzane,Asjen,34.88136,-5.64852
Tanger-Tétouan-Al Hoceïma,Ouezzane,Aïn Béida,34.935357,-5.465212
Tanger-Tétouan-Al Hoceïma,Ouezzane,Beni Malek,34.708762,-6.013205
Tanger-Tétouan-Al Hoceïma,Ouezzane,Bni Oual,34.674996,-5.650943
Tanger-Tétouan-Al Hoceïma,Ouezzane,Bni Quolla,34.754619,-5.539473
Tanger-Tétouan-Al Hoceïma,Ouezzane,Bou Jedyane,35.092056,-5.736156
Tanger-Tétouan-Al Hoceïma,Ouezzane,Brikcha,34.945422,-5.610425
Tanger-Tétouan-Al Hoceïma,Ouezzane,Had Kourt,34.611079,-5.726922
Tanger-Tétouan-Al Hoceïma,Ouezzane,Jorf El Melha,34.491779,-5.508191
Tanger-Tétouan-Al Hoceïma,Ouezzane,Kalaat Booqorra,34.777161,-5.218858
Tanger-Tétouan-Al Hoceïma,Ouezzane,Kariat Ben Aouda,34.77599,-5.952555
Tanger-Tétouan-Al Hoceïma,Ouezzane,Lamjaara,34.619711,-5.266432
Tanger-Tétouan-Al Hoceïma,Ouezzane,Lamrabih,34.475776,-5.443623
Tanger-Tétouan-Al Hoceïma,Ouezzane,Masmouda,34.766331,-5.693971
Tanger-Tétouan-Al Hoceïma,Ouezzane,Moulay Abdelkader,34.642558,-5.782875
Tanger-Tétouan-Al Hoceïma,Ouezzane,Mzefroune,34.852754,-5.729524
Tanger-Tétouan-Al Hoceïma,Ouezzane,Ouazzane,34.797013,-5.578019
Tanger-Tétouan-Al Hoceïma,Ouezzane,Oued El Makhazine,34.886293,-5.821122
Tanger-Tétouan-Al Hoceïma,Ouezzane,Ounnana,34.665851,-5.363624
Tanger-Tétouan-Al Hoceïma,Ouezzane,Sidi Ahmed Benaissa,34.721086,-5.826581
Tanger-Tétouan-Al Hoceïma,Ouezzane,Sidi Ahmed Cherif,34.560254,-5.297515
Tanger-Tétouan-Al Hoceïma,Ouezzane,Sidi Ameur Al Hadi,34.79605,-5.837876
Tanger-Tétouan-Al Hoceïma,Ouezzane,Sidi Azzouz,34.54028,-5.748943
Tanger-Tétouan-Al Hoceïma,Ouezzane,Sidi Bousber,34.570745,-5.381842
Tanger-Tétouan-Al Hoceïma,Ouezzane,Sidi Redouane,34.673819,-5.456384
Tanger-Tétouan-Al Hoceïma,Ouezzane,Souk L'Qolla,35.113055,-5.599554
Tanger-Tétouan-Al Hoceïma,Ouezzane,Tatoft,34.983651,-5.733345
Tanger-Tétouan-Al Hoceïma,Ouezzane,Teroual,34.686567,-5.23888
Tanger-Tétouan-Al Hoceïma,Ouezzane,Zghira,34.652123,-5.221292
Tanger-Tétouan-Al Hoceïma,Ouezzane,Zoumi,34.791036,-5.361766
Tanger-Tétouan-Al Hoceïma,Tanger-Assilah,Al Bahraoyine,35.757193,-5.713893
Tanger-Tétouan-Al Hoceïma,Tanger-Assilah,Al Manzla,35.549065,-5.847322
Tanger-Tétouan-Al Hoceïma,Tanger-Assilah,Aquouass Briech,35.551651,-5.958055
Tanger-Tétouan-Al Hoceïma,Tanger-Assilah,Azzinate,35.632042,-5.782892
Tanger-Tétouan-Al Hoceïma,Tanger-Assilah,Dar Chaoui,35.573141,-5.768198
Tanger-Tétouan-Al Hoceïma,Tanger-Assilah,Gueznaia,35.651536,-5.912431
Tanger-Tétouan-Al Hoceïma,Tanger-Assilah,Had Al Gharbia,35.485824,-5.925867
Tanger-Tétouan-Al Hoceïma,Tanger-Assilah,Hjar Ennhal,35.636339,-5.897609
Tanger-Tétouan-Al Hoceïma,Tanger-Assilah,Jbel Lahbib,35.457477,-5.784214
Tanger-Tétouan-Al Hoceïma,Tanger-Assilah,Jouamaa,35.646464,-5.657366
Tanger-Tétouan-Al Hoceïma,Tanger-Assilah,Laaouama,35.690384,-5.794907
Tanger-Tétouan-Al Hoceïma,Tanger-Assilah,Tanger,35.76278,-5.830976
Tanger-Tétouan-Al Hoceïma,Tétouan,Ain Lahcen,35.561202,-5.5741
Tanger-Tétouan-Al Hoceïma,Tétouan,Al Kharroub,35.404995,-5.6826
Tanger-Tétouan-Al Hoceïma,Tétouan,Azla,35.529797,-5.283984
Tanger-Tétouan-Al Hoceïma,Tétouan,Bghaghza,35.456684,-5.603936
Tanger-Tétouan-Al Hoceïma,Tétouan,Bni Arouss,35.316642,-5.634221
Tanger-Tétouan-Al Hoceïma,Tétouan,Bni Harchen,35.521899,-5.652037
Tanger-Tétouan-Al Hoceïma,Tétouan,Bni Idder,35.44226,-5.52833
Tanger-Tétouan-Al Hoceïma,Tétouan,Bni Karrich,35.514406,-5.422365
Tanger-Tétouan-Al Hoceïma,Tétouan,Bni Said,35.420319,-5.177728
Tanger-Tétouan-Al Hoceïma,Tétouan,Mallalienne,35.637197,-5.377193
Tanger-Tétouan-Al Hoceïma,Tétouan,Martil,35.622502,-5.299952
Tanger-Tétouan-Al Hoceïma,Tétouan,Oued Laou,35.456459,-5.118373
Tanger-Tétouan-Al Hoceïma,Tétouan,Saddina,35.629856,-5.446373
Tanger-Tétouan-Al Hoceïma,Tétouan,Sahtryine,35.487333,-5.47623
Tanger-Tétouan-Al Hoceïma,Tétouan,Tétouan,35.575885,-5.345734
Tanger-Tétouan-Al Hoceïma,Tétouan,Zaouiat Sidi Kacem,35.475108,-5.220245
Tanger-Tétouan-Al Hoceïma,Tétouan,Zaïtoune,35.504272,-5.350192
Tanger-Tétouan-Al Hoceïma,Tétouan,Zinat,35.426827,-5.391631
