prov_key,province,region,n_communes,lat,lon,lct_cases,y_epi,lct_rate,y_ento_hard,y_ento_soft,temp_z,precip_z,arid_z,lat_z
agadir-ida ou tanane,Agadir-Ida Ou Tanane,Souss-Massa,16,30.738962875,-9.5611336875,195,1,12.1875,0,0,0.0,0.0,0.0,-0.5833547677603591
al haouz,Al Haouz,Marrakech-Safi,42,31.12268092857143,-7.98555719047619,714,1,17.0,1,0,0.0,0.0,0.0,-0.44228462988228184
al hoceima,Al Hoceïma,Tanger-Tétouan-Al Hoceïma,30,35.0460845,-3.9908379666666667,171,1,5.7,0,1,0.0,0.0,0.0,1.0001157930880062
aousserd,Aousserd,Dakhla-Oued Ed-Dahab,7,22.856048428571427,-13.898051714285714,0,0,0.0,0,0,0.0,0.0,0.0,-3.4814301058594848
assa-zag,Assa-Zag,Guelmim-Oued Noun,12,28.488011166666666,-9.307605916666667,0,0,0.0,0,0,0.0,0.0,0.0,-1.4108948454188737
azilal,Azilal,Béni Mellal-Khénifra,30,31.860026766666667,-6.673951400000001,4612,1,153.73333333333332,1,0,0.0,0.0,0.0,-0.1712067432001585
beni mellal,Béni Mellal,Béni Mellal-Khénifra,32,32.394486875,-6.23525859375,1024,1,32.0,0,0,0.0,0.0,0.0,0.02528221652213805
benslimane,Benslimane,Casablanca-Settat,14,33.49616714285714,-7.085263214285715,0,0,0.0,0,0,0.0,0.0,0.0,0.4303040439750194
berkane,Berkane,Oriental,21,34.90061938095238,-2.366517380952381,12,1,0.5714285714285714,0,0,0.0,0.0,0.0,0.9466369843389706
berrechid,Berrechid,Casablanca-Settat,13,33.24048592307692,-7.476127076923077,0,0,0.0,0,0,0.0,0.0,0.0,0.3363053785707701
boujdour,Boujdour,Laâyoune-Sakia El Hamra,4,25.684099749999998,-13.7793865,0,0,0.0,0,0,0.0,0.0,0.0,-2.4417250773184205
boulemane,Boulemane,Fès-Meknès,17,33.36334447058824,-4.324019235294117,272,1,16.0,1,0,0.0,0.0,0.0,0.38147310543587026
casablanca,Casablanca,Casablanca-Settat,7,33.53521971428571,-7.565968714285715,0,0,0.0,0,0,0.0,0.0,0.0,0.44466133465927515
chefchaouen,Chefchaouen,Tanger-Tétouan-Al Hoceïma,30,35.112900233333335,-5.141789966666667,55,1,1.8333333333333333,1,0,0.0,0.0,0.0,1.0246799349782023
chichaoua,Chichaoua,Marrakech-Safi,41,31.38902631707317,-8.87450587804878,4481,1,109.29268292682927,1,0,0.0,0.0,0.0,-0.3443653885814917
chtouka-ait baha,Chtouka-Aït Baha,Souss-Massa,33,29.902320151515152,-9.09278996969697,26,1,0.7878787878787878,0,0,0.0,0.0,0.0,-0.8909381698395269
driouch,Driouch,Oriental,22,34.985093863636365,-3.472826954545454,190,1,8.636363636363637,0,0,0.0,0.0,0.0,0.9776931903435987
el hajeb,El Hajeb,Fès-Meknès,10,33.6638869,-5.4269362,14,1,1.4,0,1,0.0,0.0,0.0,0.49196454976776205
el jadida,El Jadida,Casablanca-Settat,16,33.131781625,-8.3436881875,0,0,0.0,0,0,0.0,0.0,0.0,0.29634132117258105
el kelaa des sraghna,El Kelâa des Sraghna,Marrakech-Safi,59,31.980947101694913,-7.334881898305085,213,1,3.610169491525424,0,0,0.0,0.0,0.0,-0.12675158093732192
errachidia,Errachidia,Drâa-Tafilalet,32,31.756618875,-4.25923265625,28,1,0.875,0,1,0.0,0.0,0.0,-0.20922362929483976
es-semara,Es-Semara,Laâyoune-Sakia El Hamra,6,26.852133499999997,-11.440657833333333,0,0,0.0,0,0,0.0,0.0,0.0,-2.0123090500423584
essaouira,Essaouira,Marrakech-Safi,42,31.37997657142857,-9.509090666666665,733,1,17.452380952380953,1,0,0.0,0.0,0.0,-0.34769243784061005
fahs-anjra,Fahs-Anjra,Tanger-Tétouan-Al Hoceïma,7,35.741447,-5.531275714285714,8,1,1.1428571428571428,0,0,0.0,0.0,0.0,1.2557589217790666
fes,Fès,Fès-Meknès,12,34.03396541666667,-4.971317666666667,49,1,4.083333333333333,1,0,0.0,0.0,0.0,0.6280202471371386
figuig,Figuig,Oriental,6,32.30314616666667,-1.9777988333333336,0,0,0.0,0,0,0.0,0.0,0.0,-0.008298289264684261
fquih ben salah,Fquih Ben Salah,Béni Mellal-Khénifra,23,32.50175947826087,-6.694581304347826,772,1,33.56521739130435,0,0,0.0,0.0,0.0,0.06471992551628808
guelmim,Guelmim,Guelmim-Oued Noun,17,28.939833588235295,-10.095350235294116,14,1,0.8235294117647058,0,0,0.0,0.0,0.0,-1.2447868118930863
guercif,Guercif,Oriental,12,33.89014975,-3.2760968333333333,62,1,5.166666666666667,0,0,0.0,0.0,0.0,0.5751478432018419
guigou,Guigou,Fès-Meknès,3,33.07274066666667,-4.973649,0,0,0.0,0,0,0.0,0.0,0.0,0.2746354982251946
ifrane,Ifrane,Fès-Meknès,8,33.490701375,-5.17182425,3,1,0.375,0,0,0.0,0.0,0.0,0.4282946086147606
inezgane-ait melloul,Inezgane-Aït Melloul,Souss-Massa,18,30.321236944444447,-9.419611333333332,12,1,0.6666666666666666,0,0,0.0,0.0,0.0,-0.7369275644277169
jerada,Jerada,Oriental,18,34.136558388888886,-2.1913030555555557,0,0,0.0,0,0,0.0,0.0,0.0,0.665737536177895
kenitra,Kénitra,Rabat-Salé-Kénitra,16,34.280489375,-6.4572044375,10,1,0.625,0,0,0.0,0.0,0.0,0.7186523361635644
khemisset,Khemisset,Rabat-Salé-Kénitra,27,33.72857848148148,-6.138607444444444,15,1,0.5555555555555556,1,0,0.0,0.0,0.0,0.5157477682903272
khenifra,Khénifra,Béni Mellal-Khénifra,29,32.81258686206897,-5.629422206896551,11,1,0.3793103448275862,0,0,0.0,0.0,0.0,0.17899253135792972
khouribga,Khouribga,Béni Mellal-Khénifra,37,32.927266405405405,-6.853967297297297,0,0,0.0,0,0,0.0,0.0,0.0,0.22115332843195729
laayoune,Laâyoune,Laâyoune-Sakia El Hamra,5,26.9518142,-13.116914,0,0,0.0,0,0,0.0,0.0,0.0,-1.975662429009277
larache,Larache,Tanger-Tétouan-Al Hoceïma,24,35.09619775,-6.0102048749999994,193,1,8.041666666666666,0,1,0.0,0.0,0.0,1.018539432583777
m'diq-fnideq,M'diq-Fnideq,Tanger-Tétouan-Al Hoceïma,4,35.83012375,-5.36360025,4,1,1.0,0,0,0.0,0.0,0.0,1.2883600496974608
marrakech,Marrakech,Marrakech-Safi,26,31.65903496153846,-7.910879115384616,8,1,0.3076923076923077,1,0,0.0,0.0,0.0,-0.24509938754643665
mediouna,Médiouna,Casablanca-Settat,1,33.644338,-7.458642,0,0,0.0,0,0,0.0,0.0,0.0,0.4847775905077076
meknes,Meknès,Fès-Meknès,20,33.8863024,-5.559566,100,1,5.0,0,1,0.0,0.0,0.0,0.5737334031203452
midelt,Midelt,Drâa-Tafilalet,18,32.60154227777778,-4.702345222222222,1,1,0.05555555555555555,0,0,0.0,0.0,0.0,0.10140408242445521
mohammedia,Mohammedia,Casablanca-Settat,7,33.635765285714285,-7.348989857142857,0,0,0.0,0,0,0.0,0.0,0.0,0.48162591709797664
moulay yacoub,Moulay Yacoub,Fès-Meknès,19,34.21787110526316,-5.207205947368421,320,1,16.842105263157894,0,1,0.0,0.0,0.0,0.6956313501472812
nador,Nador,Oriental,18,35.09963222222222,-2.953555611111111,227,1,12.61111111111111,0,1,0.0,0.0,0.0,1.0198020822439042
nouaceur,Nouaceur,Casablanca-Settat,14,33.40474114285714,-7.768628,0,0,0.0,0,0,0.0,0.0,0.0,0.3966921815526017
ouarzazate,Ouarzazate,Drâa-Tafilalet,23,30.796022608695655,-6.906213217391304,948,1,41.21739130434783,1,0,0.0,0.0,0.0,-0.5623773224074156
oued ed-dahab,Oued Ed-Dahab,Dakhla-Oued Ed-Dahab,5,23.2185442,-15.611058,0,0,0.0,0,0,0.0,0.0,0.0,-3.3481621295949036
ouezzane,Ouezzane,Tanger-Tétouan-Al Hoceïma,31,34.74358858064516,-5.580964322580646,746,1,24.06451612903226,0,1,0.0,0.0,0.0,0.8889061675471557
oujda-angad,Oujda-Angad,Oriental,10,34.6629273,-1.9401392000000002,0,0,0.0,0,0,0.0,0.0,0.0,0.8592518474646718
rabat,Rabat,Rabat-Salé-Kénitra,2,33.9866145,-6.840221,0,0,0.0,0,0,0.0,0.0,0.0,0.6106121521031727
rehamna,Rehamna,Marrakech-Safi,15,32.39084726666667,-8.0485468,17,1,1.1333333333333333,0,0,0.0,0.0,0.0,0.02394415060465967
safi,Safi,Marrakech-Safi,23,32.211854521739134,-9.111342565217392,4,1,0.17391304347826086,0,0,0.0,0.0,0.0,-0.041860757376825646
sale,Salé,Rabat-Salé-Kénitra,4,34.035829500000006,-6.69691,2,1,0.5,0,0,0.0,0.0,0.0,0.6287055588924825
sefrou,Sefrou,Fès-Meknès,21,33.85250385714286,-4.663104619047619,846,1,40.285714285714285,1,0,0.0,0.0,0.0,0.561307703947326
settat,Settat,Casablanca-Settat,30,32.87128773333333,-7.598133633333333,319,1,10.633333333333333,1,0,0.0,0.0,0.0,0.20057332466633085
sidi bennour,Sidi Bennour,Casablanca-Settat,28,32.712988357142855,-8.478239035714285,0,0,0.0,0,0,0.0,0.0,0.0,0.1423761285288102
sidi ifni,Sidi Ifni,Guelmim-Oued Noun,9,29.329367333333337,-10.045011,0,0,0.0,0,0,0.0,0.0,0.0,-1.1015785926871193
sidi kacem,Sidi Kacem,Rabat-Salé-Kénitra,14,34.27525242857143,-5.628216,1184,1,84.57142857142857,0,1,0.0,0.0,0.0,0.7167270247327807
sidi slimane,Sidi Slimane,Rabat-Salé-Kénitra,21,34.415450666666665,-5.997908190476191,17,1,0.8095238095238095,0,0,0.0,0.0,0.0,0.7682695169201516
skhirate-temara,Skhirate-Témara,Rabat-Salé-Kénitra,14,33.78296578571429,-6.8241349285714294,0,0,0.0,0,0,0.0,0.0,0.0,0.5357427214480665
tan-tan,Tan-Tan,Guelmim-Oued Noun,9,28.292212555555555,-11.175606,0,0,0.0,0,0,0.0,0.0,0.0,-1.4828782634746485
tanger-assilah,Tanger-Assilah,Tanger-Tétouan-Al Hoceïma,12,35.616158,-5.822810833333333,7,1,0.5833333333333334,0,0,0.0,0.0,0.0,1.2096976631541412
taounate,Taounate,Fès-Meknès,59,34.62643230508474,-4.627347101694916,1417,1,24.016949152542374,1,0,0.0,0.0,0.0,0.8458348244274774
taourirt,Taourirt,Oriental,8,34.316071,-2.83614675,2,1,0.25,0,1,0.0,0.0,0.0,0.7317335678073642
tarfaya,Tarfaya,Laâyoune-Sakia El Hamra,3,27.749939333333334,-12.81996,0,0,0.0,0,0,0.0,0.0,0.0,-1.682239637052129
taroudant,Taroudant,Souss-Massa,61,30.538088147540982,-8.740010540983606,449,1,7.360655737704918,0,0,0.0,0.0,0.0,-0.6572043696623697
tata,Tata,Souss-Massa,25,29.903712,-8.023498479999999,3,1,0.12,0,1,0.0,0.0,0.0,-0.8904264705440801
taza,Taza,Fès-Meknès,36,34.17463683333333,-4.071058861111111,1588,1,44.111111111111114,1,0,0.0,0.0,0.0,0.6797366987347865
tetouan,Tétouan,Tanger-Tétouan-Al Hoceïma,18,35.49909127777778,-5.421401333333333,82,1,4.555555555555555,1,0,0.0,0.0,0.0,1.1666592434313414
tinghir,Tinghir,Drâa-Tafilalet,31,31.4841664516129,-5.601890806451613,2787,1,89.90322580645162,1,0,0.0,0.0,0.0,-0.3093880614207305
tiznit,Tiznit,Souss-Massa,26,29.529571961538462,-9.560379192307693,19,1,0.7307692307692307,0,0,0.0,0.0,0.0,-1.0279753461318502
youssoufia,Youssoufia,Marrakech-Safi,19,32.21199552631579,-8.579817684210527,3,1,0.15789473684210525,0,0,0.0,0.0,0.0,-0.04180891844226161
zagora,Zagora,Drâa-Tafilalet,21,30.437697476190475,-5.758145380952381,3,1,0.14285714285714285,1,0,0.0,0.0,0.0,-0.6941120046231843
