province,total_cas,n_obs,pop_mean,temp_moy,precip_mm,humidite_pct,aridity_index,elevation_m,lai,n_communes,pop_total_prov,incidence_100k_an,zone_label,statut_vecteur
Agadir-Ida Ou Tanane,124.0,2304,,19.114513888888887,27.750597222222222,53.83550925925926,6.362983610112797,517.29375,4.992625,16,618174.0,1.6715897681451068,Plaine/Plateau,non_documente
Al Haouz,578.0,6048,,14.38211970899471,36.600042989417986,49.56274801587302,9.146266590129507,1515.0238095238096,5.990404761904762,42,522645.0,9.215943262954141,Montagne/Atlas,confirme
Al Hoceïma,152.0,4320,,16.037872685185185,39.55708333333333,67.60101851851853,9.640870167232917,614.08,4.015366666666666,30,277568.0,4.5634463146568285,Plaine/Plateau,indice_indirect
Aousserd,0.0,1008,,25.365694444444443,3.4085218253968255,29.08234126984127,0.6832991046636049,284.75714285714287,0.0,7,459.0,0.0,Aride/Saharien,non_documente
Assa-Zag,1.0,1728,,21.88669560185185,5.638229166666667,35.65260416666666,1.20669412082691,579.4083333333333,0.2625,12,48443.0,0.17202347776424526,Aride/Saharien,non_documente
Azilal,1443.0,4320,,13.851347222222222,51.11517361111111,53.69543981481481,12.982275083534457,1457.0700000000002,5.369833333333333,30,437551.0,27.482510610191728,Montagne/Atlas,confirme
Benslimane,0.0,2016,,17.941785714285714,33.14744047619048,68.14320436507937,7.7444688810185935,299.62142857142857,4.819071428571428,14,233742.0,0.0,Plaine/Plateau,non_documente
Berkane,87.0,3024,,17.2843932748538,30.713391812865495,64.98029970760234,7.198851749852689,307.62857142857143,5.997809523809524,21,279545.0,2.5935001520327674,Plaine/Plateau,non_documente
Berrechid,2.0,1872,,18.153167735042736,29.717339743589744,67.09738247863248,6.906156537633511,292.70769230769235,3.802692307692308,13,303608.0,0.05489534750950788,Plaine/Plateau,non_documente
Boujdour,0.0,576,,21.67076388888889,3.5829340277777777,47.88402777777778,0.7382767971564467,171.7,1.41225,4,58090.0,0.0,Aride/Saharien,non_documente
Boulemane,11.0,2448,,13.674252450980392,37.4190522875817,51.14391339869281,9.607864494943822,1498.464705882353,5.111588235294118,17,122056.0,0.7510213890891613,Montagne/Atlas,confirme
Béni Mellal,877.0,4608,,16.065755208333332,47.01302517361111,52.12658420138889,11.407357846631093,1105.040625,5.3715,32,604194.0,12.096004484210921,Montagne/Atlas,non_documente
Casablanca,0.0,1008,,18.146194444444443,29.822625000000002,71.65722222222222,6.929755032243933,126.10000000000001,6.115,7,522364.0,0.0,Plaine/Plateau,non_documente
Chefchaouen,32.0,4320,,16.18927083333333,74.1374007936508,70.69241071428571,17.855257699894246,634.1766666666667,4.956066666666667,30,374809.0,0.7114734882744722,Plaine/Plateau,confirme
Chichaoua,4525.0,5904,,17.126239837398376,27.427328929539296,55.02354336043361,6.510273654229289,773.2926829268292,5.854024390243903,41,416886.0,90.45238586408115,Montagne/Atlas,confirme
Chtouka-Aït Baha,23.0,4752,,18.134471801346802,22.97021043771044,48.121759259259264,5.244459141077363,864.290909090909,4.763484848484849,33,165026.0,1.1614331479080064,Montagne/Atlas,non_documente
Driouch,116.0,3168,,16.536398358585856,35.224438131313136,67.17837752525253,8.541178894512143,501.8272727272727,5.001227272727273,22,157462.0,6.13904730453485,Plaine/Plateau,non_documente
El Hajeb,7.0,1440,,15.812166666666666,52.297180555555556,58.27673611111111,12.747806865868885,951.77,5.1098,10,132392.0,0.4406107116240659,Montagne/Atlas,indice_indirect
El Jadida,13.0,2304,,18.412356770833334,28.556493055555556,74.11067708333333,6.539313216567101,94.61250000000001,4.823625,16,549065.0,0.19730511566632972,Plaine/Plateau,non_documente
El Kelâa des Sraghna,1629.0,8496,,18.711699623352168,32.89086511299435,51.811475988700565,7.543147372432751,691.6474576271186,5.985203389830509,59,570377.0,23.80004803840267,Montagne/Atlas,non_documente
Errachidia,5.0,4608,,19.847081163194446,9.385640190972222,30.622851562500003,2.1189102066960515,1138.4812499999998,3.8944375,32,435647.0,0.09564318511700223,Aride/Saharien,indice_indirect
Es-Semara,0.0,864,,21.426111111111112,4.635127314814815,45.937847222222224,0.9689538182200659,299.8333333333333,0.2798333333333333,6,1513.0,0.0,Aride/Saharien,non_documente
Essaouira,529.0,6048,,18.281093304843303,24.16824074074074,61.19903846153846,5.571188109057446,422.92857142857144,4.879357142857143,42,344487.0,12.796806072024005,Plaine/Plateau,confirme
Fahs-Anjra,3.0,1008,,17.24921296296296,52.333576388888886,75.12210648148148,12.391943657085099,140.11428571428573,6.606142857142857,7,90716.0,0.2755853432691036,Plaine/Plateau,non_documente
Figuig,0.0,864,,18.648645833333333,11.29798611111111,34.834259259259255,2.567976770895511,1108.1833333333334,1.0413333333333332,6,59626.0,0.0,Aride/Saharien,non_documente
Fquih Ben Salah,585.0,3312,,19.569465579710144,33.850048309178746,50.05766908212561,7.565696757208908,547.0304347826087,5.055739130434783,23,417486.0,11.677038271942054,Plaine/Plateau,non_documente
Fès,261.0,1728,,18.205474537037038,46.35339699074074,58.79971064814814,10.8148163285407,577.6416666666667,5.070416666666667,12,239309.0,9.088667789343486,Plaine/Plateau,confirme
Guelmim,3.0,2448,,19.158794934640525,12.49749183006536,55.71070261437908,2.7991390723718212,436.4294117647059,2.6431176470588236,17,170274.0,0.1468221807204858,Plaine/Plateau,non_documente
Guercif,54.0,1728,,16.581707175925924,23.181087962962962,50.30028935185185,5.536729687313749,893.1833333333334,5.11275,12,228413.0,1.9701155363311196,Montagne/Atlas,non_documente
Guigou,0.0,432,,12.067893518518519,43.48773148148148,54.02268518518518,11.34969740501663,1771.8,4.915,3,14256.0,0.0,Montagne/Atlas,non_documente
Ifrane,155.0,1152,,13.030902777777778,60.614270833333336,57.580989583333334,15.592590409413042,1421.4,4.4595,8,146218.0,8.833841706675422,Montagne/Atlas,non_documente
Inezgane-Aït Melloul,77.0,2592,,20.20559640522876,22.61471405228758,58.545465686274504,5.051912092406092,218.12777777777777,5.386166666666666,18,1261062.0,0.5088303879322877,Plaine/Plateau,non_documente
Jerada,0.0,2592,,15.983564814814816,26.805582561728396,53.60181327160494,6.364629788926798,990.9944444444445,4.458666666666667,18,135038.0,0.0,Montagne/Atlas,non_documente
Khemisset,11.0,3888,,17.454729938271605,42.16791409465021,64.2142232510288,9.943517925610433,470.6740740740741,4.685148148148148,27,439311.0,0.20866007604331932,Plaine/Plateau,confirme
Khouribga,234.0,5328,,17.97132882882883,34.69195007507507,56.89102852852853,8.068169557876407,670.7351351351351,4.2780000000000005,37,585766.0,3.328974368604528,Plaine/Plateau,non_documente
Khénifra,211.0,4176,,14.232849616858237,51.92710727969349,53.22875957854406,12.99278119729085,1330.2620689655173,4.974103448275862,29,444605.0,3.9548213207978615,Montagne/Atlas,non_documente
Kénitra,2.0,2304,,18.393546296296297,43.094375,72.92625000000001,9.99486199299037,83.79374999999999,4.58425,16,952031.0,0.017506432738709842,Plaine/Plateau,non_documente
Larache,96.0,3456,,18.02829861111111,64.1878761574074,73.71197916666667,14.861426167851189,84.37083333333332,5.893083333333333,24,732446.0,1.0922306900440442,Plaine/Plateau,indice_indirect
Laâyoune,2.0,720,,20.663871527777776,4.36171875,57.4623263888889,0.9269796348535048,87.54,0.7226,5,290401.0,0.0573919052161207,Plaine/Plateau,non_documente
M'diq-Fnideq,4.0,576,,17.70861111111111,49.918379629629634,76.68148148148148,11.783035001175339,74.07499999999999,1.726,4,148279.0,0.22480144412447706,Plaine/Plateau,non_documente
Marrakech,49.0,3744,,18.365312499999998,31.195365918803418,53.285122863247864,7.170399666373092,681.223076923077,5.498192307692308,26,783406.0,0.5212282435076235,Plaine/Plateau,confirme
Meknès,68.0,2880,,17.364697916666668,48.34673958333333,60.80690972222222,11.432723596505912,538.545,5.30155,20,874401.0,0.648062692822477,Plaine/Plateau,indice_indirect
Midelt,3.0,2592,,14.13516975308642,31.21778935185185,44.880709876543214,7.873030595162497,1690.0277777777778,5.917333333333333,18,201869.0,0.12384269006137644,Montagne/Atlas,non_documente
Mohammedia,0.0,1008,,18.172251984126984,33.7009623015873,73.96984126984128,7.85896036098346,130.88571428571427,3.5352857142857146,7,396491.0,0.0,Plaine/Plateau,non_documente
Moulay Yacoub,38.0,2736,,18.930515350877194,47.39834064327486,60.12997076023392,10.857990071932962,350.5,4.6467368421052635,19,272121.0,1.1636980117913232,Plaine/Plateau,indice_indirect
Médiouna,0.0,144,,18.32236111111111,30.276944444444446,73.08472222222223,7.035766401471235,30.5,3.491,1,60566.0,0.0,Plaine/Plateau,non_documente
Nador,95.0,2592,,18.122703703703703,28.065425925925926,66.67916666666666,6.570928120392547,161.35,5.828055555555555,18,534573.0,1.4809327569231268,Plaine/Plateau,indice_indirect
Nouaceur,3.0,2016,,18.153333333333332,30.725165598290598,72.38354700854701,7.113375121573031,129.6,4.853928571428572,14,707462.0,0.03533758703647687,Plaine/Plateau,non_documente
Ouarzazate,350.0,3312,,17.53124698067633,14.39223429951691,33.065066425120776,3.517481598586743,1436.5260869565218,4.512304347826087,23,331665.0,8.79401404027156,Montagne/Atlas,confirme
Oued Ed-Dahab,21.0,720,,24.523097222222223,3.6500833333333333,31.688333333333333,0.7337136301130884,305.86,0.0,5,180781.0,0.9680220819665782,Aride/Saharien,non_documente
Ouezzane,1101.0,4464,,18.143595430107524,67.37390008960574,68.11608422939068,15.582207139200067,229.5774193548387,6.265354838709678,31,415331.0,22.090814314366135,Plaine/Plateau,indice_indirect
Oujda-Angad,0.0,1440,,15.883555555555555,35.2173125,62.02847222222222,8.398121715611126,769.69,5.2671,10,561286.0,0.0,Plaine/Plateau,non_documente
Rabat,2.0,288,,18.329652777777778,37.76986111111111,74.58263888888888,8.778258930857595,113.90000000000002,5.237,2,3468.0,4.805843906189927,Plaine/Plateau,non_documente
Rehamna,11.0,2160,,18.634555555555554,21.453055555555554,60.23791666666666,4.940397283739401,385.0466666666667,5.883533333333333,15,229492.0,0.39943295045869426,Plaine/Plateau,non_documente
Safi,32.0,3312,,18.425024154589373,24.046086956521737,68.8645229468599,5.499883611481909,160.88695652173914,2.8709565217391306,23,679286.0,0.3925690602583693,Plaine/Plateau,non_documente
Salé,2.0,576,,18.22486111111111,38.244618055555556,74.39826388888889,8.893410572847909,130.525,5.302499999999999,4,140061.0,0.11899577089030255,Plaine/Plateau,non_documente
Sefrou,589.0,3024,,15.991425264550264,55.596841931216936,58.860416666666666,13.497637488117487,918.9285714285714,5.6110476190476195,21,264097.0,18.585343011595484,Montagne/Atlas,confirme
Settat,18.0,4320,,18.476060185185187,27.664710648148148,61.51215277777778,6.378308349307227,414.87,3.754633333333333,30,464598.0,0.3228597626335025,Plaine/Plateau,confirme
Sidi Bennour,0.0,4032,,18.449479166666666,24.485,68.8295386904762,5.60370614795354,174.28214285714284,5.878107142857142,28,544839.0,0.0,Plaine/Plateau,non_documente
Sidi Ifni,4.0,1296,,18.420078125,19.185190972222223,63.71284722222222,4.349568407176971,337.2,4.3662222222222224,9,61704.0,0.5402134923721854,Plaine/Plateau,non_documente
Sidi Kacem,345.0,2016,,19.056160714285713,45.85094742063492,63.073859126984125,10.45333274181227,201.3357142857143,4.796857142857143,14,252580.0,11.382532267004514,Plaine/Plateau,indice_indirect
Sidi Slimane,41.0,3024,,18.952420634920635,43.186527777777776,67.29031084656084,9.909085426539312,63.985714285714295,5.703761904761905,21,526950.0,0.6483853623050889,Plaine/Plateau,non_documente
Skhirate-Témara,1.0,2016,,17.98346726190476,36.000972222222224,70.01994047619048,8.405745667655063,215.4,5.530857142857143,14,809761.0,0.010291102354069081,Plaine/Plateau,non_documente
Tan-Tan,0.0,1296,,19.534220679012346,8.087021604938272,62.757716049382715,1.788609018316643,166.88888888888889,0.13333333333333333,9,95968.0,0.0,Plaine/Plateau,non_documente
Tanger-Assilah,7.0,1728,,17.638840277777778,60.810361111111106,73.60993055555556,14.225228723834052,98.49166666666667,7.14475,12,187256.0,0.3115164979137295,Plaine/Plateau,non_documente
Taounate,877.0,8496,,16.911870291902073,60.181726694915255,61.610310734463276,14.304328242566259,662.0745762711864,4.743203389830509,59,661270.0,11.051965662034167,Montagne/Atlas,confirme
Taourirt,4.0,1152,,17.186319444444443,25.290477430555555,55.26310763888889,5.967418249952832,716.6624999999999,5.4986250000000005,8,144585.0,0.23054489285426105,Plaine/Plateau,indice_indirect
Tarfaya,0.0,432,,20.358819444444446,5.078935185185185,63.994675925925925,1.0925356460348536,38.733333333333334,0.138,3,11816.0,0.0,Plaine/Plateau,non_documente
Taroudant,333.0,8784,,18.763357240437156,26.069045992714024,42.94409153005465,5.972815614800584,943.7786885245902,4.738229508196722,61,555078.0,4.999297396041637,Montagne/Atlas,non_documente
Tata,14.0,3600,,19.664755555555555,13.261119444444445,32.780166666666666,3.084631090276111,1077.484,2.06312,25,122427.0,0.9529488320931385,Aride/Saharien,indice_indirect
Taza,692.0,5184,,16.202802854938273,48.94782407407407,58.251543209876544,11.848182478137797,924.8166666666666,4.725305555555556,36,482929.0,11.941023766778692,Montagne/Atlas,confirme
Tinghir,906.0,4464,,15.651509856630824,17.647759856630827,34.56402329749103,4.457043114111808,1730.6645161290323,5.023387096774194,31,377049.0,20.023922620136904,Montagne/Atlas,confirme
Tiznit,5.0,3744,,18.28441388888889,20.698530555555557,53.43727777777778,4.691578478202776,675.15,2.7270000000000003,26,231797.0,0.1797549867628428,Plaine/Plateau,non_documente
Tétouan,41.0,2592,,16.878239379084967,61.55568218954248,74.73815359477125,14.625045418378182,257.8333333333333,5.44088888888889,18,648286.0,0.527030765228104,Plaine/Plateau,confirme
Youssoufia,3.0,2736,,18.686315789473685,21.56062865497076,61.94901315789474,4.928482511363822,330.9421052631579,4.993578947368421,19,319012.0,0.07836695798277181,Plaine/Plateau,non_documente
Zagora,0.0,3024,,22.166828703703704,5.707503306878308,24.649900793650794,1.239842884501467,926.5,4.040380952380952,21,219817.0,0.0,Aride/Saharien,confirme
