province,classe_altitude,classe_altitude_rank,elevation_m,temp_moy_an,precip_totale_an,total_cas,statut_vecteur,zone_bioclim
Médiouna,Plaine/Cotier,0,30.5,18.30871794871795,360.99615384615385,0,non_documente,0
Tarfaya,Plaine/Cotier,0,38.73333333333333,20.34034188034188,58.26948717948719,0,non_documente,0
Sidi Slimane,Plaine/Cotier,0,63.98571428571429,18.925924908424907,514.4778021978022,18,non_documente,0
M'diq-Fnideq,Plaine/Cotier,0,74.075,17.716474358974356,597.5928205128205,6,non_documente,0
Kénitra,Plaine/Cotier,0,83.79375,18.377871794871798,513.5407692307692,10,non_documente,0
Larache,Plaine/Cotier,0,84.37083333333334,18.019821047008545,757.5130448717949,195,indice_indirect,0
Laâyoune,Plaine/Cotier,0,87.53999999999999,20.650865384615383,49.714615384615385,0,non_documente,0
El Jadida,Plaine/Cotier,0,94.6125,18.40429487179487,336.1510576923077,0,non_documente,0
Tanger-Assilah,Plaine/Cotier,0,98.49166666666666,17.647333333333332,720.339,8,non_documente,0
Rabat,Plaine/Cotier,0,113.9,18.32198717948718,450.5176923076923,0,non_documente,0
Casablanca,Plaine/Cotier,0,126.1,18.133717948717948,354.3424615384616,0,non_documente,0
Nouaceur,Plaine/Cotier,0,129.6,18.14179980276134,363.7915976331361,0,non_documente,0
Salé,Plaine/Cotier,0,130.525,18.21480769230769,455.4532692307693,2,non_documente,0
Mohammedia,Plaine/Cotier,0,130.8857142857143,18.159496336996337,402.0890109890109,0,non_documente,0
Fahs-Anjra,Plaine/Cotier,0,140.1142857142857,17.260641025641025,622.7653846153846,8,non_documente,0
Safi,Plaine/Cotier,0,160.88695652173914,18.409113712374584,282.72545150501674,4,non_documente,0
Nador,Plaine/Cotier,0,161.35000000000002,18.131205128205128,335.99179487179487,229,indice_indirect,0
Tan-Tan,Plaine/Cotier,0,166.88888888888889,19.515420227920227,93.91,0,non_documente,0
Boujdour,Plaine/Cotier,0,171.7,21.66865384615385,40.39942307692308,0,non_documente,2
Sidi Bennour,Plaine/Cotier,0,174.28214285714284,18.43856684981685,288.24005494505496,0,non_documente,0
Sidi Kacem,Plaine/Cotier,0,201.33571428571423,19.03224358974359,543.9776923076923,1121,indice_indirect,0
Skhirate-Témara,Plaine/Cotier,0,215.4,17.971423992673994,428.3763736263736,0,non_documente,0
Inezgane-Aït Melloul,Plaine/Cotier,0,218.12777777777777,20.182183257918552,268.95153846153846,12,non_documente,0
Ouezzane,Plaine/Cotier,0,229.5774193548387,18.13512613730356,795.1698263027295,736,indice_indirect,0
Tétouan,Plaine/Cotier,0,257.8333333333333,16.892217194570136,728.7384615384616,81,confirme,0
Aousserd,Plaine/Cotier,0,284.75714285714287,25.39170329670329,39.73241758241759,0,non_documente,2
Berrechid,Plaine/Cotier,0,292.7076923076923,18.13710059171597,353.16934911242606,0,non_documente,0
Benslimane,Plaine/Cotier,0,299.62142857142857,17.926556776556776,394.3363186813187,0,non_documente,0
Es-Semara,Plaine/Cotier,0,299.8333333333333,21.41752136752137,52.67730769230769,0,non_documente,2
Oued Ed-Dahab,Plaine/Cotier,0,305.86,24.547,42.03738461538462,0,non_documente,2
Berkane,Plaine/Cotier,0,307.62857142857143,17.31422064777328,361.9796356275304,11,non_documente,0
Youssoufia,Plaine/Cotier,0,330.94210526315794,18.67168690958165,254.6782995951417,3,non_documente,0
Sidi Ifni,Plaine/Cotier,0,337.2,18.40457532051282,223.55365384615385,1,non_documente,0
Moulay Yacoub,Plaine/Cotier,0,350.5,18.919379217273956,563.7606882591093,323,indice_indirect,0
Rehamna,Plaine/Cotier,0,385.0466666666667,18.627358974358973,254.99743589743588,17,non_documente,0
Settat,Plateau,1,414.87,18.470010683760684,327.93451282051285,320,confirme,0
Essaouira,Plateau,1,422.9285714285714,18.269848783694936,285.41623274161736,722,confirme,0
Guelmim,Plateau,1,436.4294117647059,19.145810708898946,145.88466063348417,15,non_documente,0
Khemisset,Plateau,1,470.6740740740741,17.44232193732194,500.6979487179488,15,confirme,0
Driouch,Plateau,1,501.8272727272728,16.549463869463867,422.74409090909097,187,non_documente,0
Agadir-Ida Ou Tanane,Plateau,1,517.29375,19.122286324786327,331.1413846153846,208,non_documente,0
Meknès,Plateau,1,538.545,17.358310897435896,575.1511538461539,110,indice_indirect,0
Fquih Ben Salah,Plateau,1,547.0304347826087,19.595576923076923,397.5259866220736,781,non_documente,0
Fès,Plateau,1,577.6416666666667,18.201543803418804,553.1516666666668,51,confirme,0
Assa-Zag,Plateau,1,579.4083333333333,21.90181623931624,65.68788461538462,0,non_documente,2
Al Hoceïma,Plateau,1,614.08,16.054961538461537,472.08938461538463,171,indice_indirect,0
Chefchaouen,Plateau,1,634.1766666666666,16.20400183150183,879.3071703296703,56,confirme,0
Taounate,Plateau,1,662.0745762711865,16.924156888309433,713.8924641460235,1416,confirme,1
Khouribga,Plateau,1,670.7351351351351,17.985337837837836,410.6693139293139,2,non_documente,0
Tiznit,Plateau,1,675.1500000000001,18.29022307692308,240.73218461538465,18,non_documente,0
Marrakech,Plateau,1,681.2230769230769,18.37175542406312,366.0035798816568,8,confirme,0
El Kelâa des Sraghna,Plateau,1,691.6474576271187,18.72683289873968,386.4441981747067,218,non_documente,1
Taourirt,Plateau,1,716.6625,17.21798076923077,297.59836538461536,2,indice_indirect,0
Oujda-Angad,Plateau,1,769.6899999999999,15.932602564102565,410.317923076923,0,non_documente,0
Chichaoua,Plateau,1,773.2926829268292,17.131819887429643,322.7482363977486,4695,confirme,1
Chtouka-Aït Baha,Moyenne montagne,2,864.290909090909,18.157455322455323,268.3812121212121,51,non_documente,1
Guercif,Moyenne montagne,2,893.1833333333334,16.61514423076923,273.76884615384614,63,non_documente,1
Sefrou,Moyenne montagne,2,918.9285714285714,16.01080586080586,659.792271062271,839,confirme,1
Taza,Moyenne montagne,2,924.8166666666668,16.232829415954413,579.971858974359,1592,confirme,1
Zagora,Moyenne montagne,2,926.5,22.216562881562883,68.06179487179487,3,confirme,2
Taroudant,Moyenne montagne,2,943.7786885245902,18.78610970996217,307.2420428751576,463,non_documente,1
El Hajeb,Moyenne montagne,2,951.77,15.812634615384615,621.535923076923,18,indice_indirect,1
Jerada,Moyenne montagne,2,990.9944444444444,16.041150284900286,312.0676923076923,0,non_documente,1
Tata,Moyenne montagne,2,1077.484,19.710261538461538,155.8288923076923,4,indice_indirect,2
Béni Mellal,Moyenne montagne,2,1105.040625,16.11178485576923,553.7383173076923,1014,non_documente,1
Figuig,Moyenne montagne,2,1108.1833333333334,18.722489316239315,132.46307692307693,0,non_documente,2
Errachidia,Moyenne montagne,2,1138.48125,19.902506009615387,109.895,27,indice_indirect,2
Khénifra,Haute montagne,3,1330.2620689655173,14.281774977895669,611.8599204244032,11,non_documente,1
Ifrane,Haute montagne,3,1421.4,13.06641826923077,717.8834615384615,3,non_documente,1
Ouarzazate,Haute montagne,3,1436.5260869565216,17.57716276477146,169.95899665551838,931,confirme,1
Azilal,Haute montagne,3,1457.07,13.894692307692308,604.2851025641025,4649,confirme,1
Boulemane,Haute montagne,3,1498.464705882353,13.72973604826546,441.1419457013575,263,confirme,1
Al Haouz,Haute montagne,3,1515.0238095238096,14.416253052503052,430.1911172161172,712,confirme,1
Midelt,Haute montagne,3,1690.0277777777778,14.203454415954416,366.10217948717946,2,non_documente,1
Tinghir,Haute montagne,3,1730.664516129032,15.716650124069478,206.82305210918116,2576,confirme,1
Guigou,Haute montagne,3,1771.8,12.13147435897436,511.39051282051287,0,non_documente,1
