province,region,n_communes,lct_cases,evidence_type,psi_mean,psi_sd,psi_q05,psi_q50,psi_q95
Chefchaouen,Tanger-Tétouan-Al Hoceïma,30,56,confirmed_capture,0.9897204255770297,0.023237788809435087,0.9567577041924578,0.9971994232750226,0.9999511576034227
Tétouan,Tanger-Tétouan-Al Hoceïma,18,80,confirmed_capture,0.987292450233755,0.02489362402283642,0.9481659420425738,0.9954221905113734,0.9998609569238764
Taounate,Fès-Meknès,59,1414,confirmed_capture,0.9852139969045863,0.02598446083658454,0.9418990934338699,0.9939776912987008,0.9997864709608072
Ifrane,Fès-Meknès,8,3,epi_only,0.9848290092015262,0.03430477878447374,0.9350775913568395,0.9960119508163756,0.999922369172224
Tanger-Assilah,Tanger-Tétouan-Al Hoceïma,12,7,epi_only,0.9847930088628122,0.03161900448277011,0.9372895245669546,0.994675800777627,0.9998446001392267
Fahs-Anjra,Tanger-Tétouan-Al Hoceïma,7,8,epi_only,0.9839571168252289,0.03191223916749619,0.94018725608476,0.9936291336951318,0.9997085580724806
Larache,Tanger-Tétouan-Al Hoceïma,24,193,unverified_capture,0.9835188370906665,0.029843296933600934,0.9324298608828344,0.994284132103022,0.9998529367815674
Sefrou,Fès-Meknès,21,839,confirmed_capture,0.9831368614799387,0.029071986448795165,0.9361268075245452,0.9924861842485946,0.9996647106365809
M'diq-Fnideq,Tanger-Tétouan-Al Hoceïma,4,4,epi_only,0.982097446555664,0.03309445902391563,0.9293524256075676,0.9930931055020357,0.9996559095933502
El Hajeb,Fès-Meknès,10,14,unverified_capture,0.9819351630955977,0.0267790933233669,0.9368700700425378,0.9910926939570903,0.9995393636677791
Ouezzane,Tanger-Tétouan-Al Hoceïma,31,736,unverified_capture,0.981261573975284,0.03764216185813544,0.9185061698692412,0.9943431049856102,0.9998616101418052
Taza,Fès-Meknès,36,1568,confirmed_capture,0.9812554976086567,0.029215335662250774,0.9324480385977161,0.9906416314739441,0.9994546507022859
Al Hoceïma,Tanger-Tétouan-Al Hoceïma,30,171,unverified_capture,0.9791532519777184,0.03553317816359476,0.9238405475589788,0.9907743624074119,0.999321015017737
Khénifra,Béni Mellal-Khénifra,29,11,epi_only,0.9779079586924807,0.039100240902792106,0.9107028574647963,0.9912624380330728,0.999682344584156
Meknès,Fès-Meknès,20,102,unverified_capture,0.9767785030574739,0.03290533960852277,0.9202227278893952,0.9871507375943482,0.9991633182348217
Azilal,Béni Mellal-Khénifra,32,4639,confirmed_capture,0.972114010022813,0.0485711007446103,0.8887754688608257,0.9895029253225687,0.9996288217957631
Fès,Fès-Meknès,12,51,confirmed_capture,0.971963071329955,0.04049353001855829,0.9040856773911228,0.9853459687732888,0.9989194393669331
Driouch,Oriental,22,187,epi_only,0.9717830299561259,0.04627980133203782,0.891798548268965,0.9878547909035509,0.99913885585697
Boulemane,Fès-Meknès,17,262,confirmed_capture,0.9707274775765419,0.05243584520676442,0.887993738830719,0.9886689625256436,0.999538366313746
Khemisset,Rabat-Salé-Kénitra,27,15,confirmed_capture,0.9706073396454191,0.03997404234550813,0.9039238943204866,0.9832568679634115,0.9983888204742134
Moulay Yacoub,Fès-Meknès,19,320,unverified_capture,0.9687885797059177,0.045376160480657526,0.8863779974155299,0.984525680443862,0.9990285205258471
Béni Mellal,Béni Mellal-Khénifra,30,1009,epi_only,0.9686508458558201,0.04848037412851349,0.8951768397678268,0.9832356171890826,0.9987982696117009
Kénitra,Rabat-Salé-Kénitra,16,10,epi_only,0.9671053660235119,0.04967543159937605,0.8831893360471833,0.9839576684938407,0.99874724532668
Sidi Kacem,Rabat-Salé-Kénitra,14,1119,unverified_capture,0.96677856363924,0.045857344390361536,0.8738686279409671,0.9837482616591164,0.9989800397605698
Sidi Slimane,Rabat-Salé-Kénitra,21,17,epi_only,0.9649722689791314,0.05522086983131388,0.8755909986688275,0.9830057427365984,0.9988016455071628
Guigou,Fès-Meknès,3,0,no_data_gap,0.9649084775677196,0.08606105147088877,0.841930490642138,0.9922097889988053,0.9998430529169815
Oujda-Angad,Oriental,10,0,no_data_gap,0.9631519811763752,0.07518499183395706,0.8607482168869814,0.9867285464116405,0.9991328283131261
Salé,Rabat-Salé-Kénitra,4,2,epi_only,0.9619451983626114,0.05499859504433255,0.8734831812814491,0.9798413237194428,0.9980221143037034
Berkane,Oriental,21,11,epi_only,0.9612055781213327,0.05854558438670071,0.8528026906965815,0.9819289223753016,0.9986619670059721
Nador,Oriental,18,223,unverified_capture,0.9566917603215797,0.06125189407753844,0.8347258622225369,0.978894464178902,0.9984407111814283
Midelt,Drâa-Tafilalet,18,1,epi_only,0.9537915309121061,0.06558477135586716,0.8203777603814858,0.9784324531657301,0.9989600712550165
Rabat,Rabat-Salé-Kénitra,2,0,no_data_gap,0.9524649374351327,0.08242230495209295,0.8353045664705934,0.9772939828322246,0.9977431377611041
Taourirt,Oriental,8,2,unverified_capture,0.9518992609604657,0.06315964054397256,0.8313713448014084,0.974523224288744,0.9976466090716242
Al Haouz,Marrakech-Safi,42,712,confirmed_capture,0.9488746825704335,0.07150561612388684,0.8147610149895469,0.9744634746778598,0.9987033361598068
Skhirate-Témara,Rabat-Salé-Kénitra,14,0,no_data_gap,0.9488593712828081,0.08318970247022223,0.8247909592270363,0.9754237308163611,0.9975986072698477
Jerada,Oriental,18,0,no_data_gap,0.9442708547871769,0.09654892946315935,0.776720974510202,0.9777641574835017,0.9985880366233347
Guercif,Oriental,12,62,epi_only,0.9438972597895401,0.07593941827471787,0.7931501108716084,0.9715537360776534,0.9979161456300097
Mohammedia,Casablanca-Settat,7,0,no_data_gap,0.9416772619861591,0.09729591486682178,0.800296284382864,0.9707442214602124,0.996839620099993
Benslimane,Casablanca-Settat,14,0,no_data_gap,0.940566830009093,0.09662672742757619,0.789263862253582,0.9702113648263638,0.9965479377375037
Khouribga,Béni Mellal-Khénifra,37,0,no_data_gap,0.938426893497982,0.09646645845597125,0.7795047284047646,0.9669693106557391,0.9960632946233567
Settat,Casablanca-Settat,30,318,confirmed_capture,0.9369240311216727,0.06594468427296009,0.814882896945884,0.9577050107235641,0.9948662365367004
Nouaceur,Casablanca-Settat,14,0,no_data_gap,0.934318381957469,0.0970161554667163,0.785614109092898,0.9646257078055767,0.9959723255450867
El Kelâa des Sraghna,Marrakech-Safi,59,210,epi_only,0.9323695325823901,0.07035146694801128,0.8060376251566805,0.9522727513354223,0.9936272118139833
Médiouna,Casablanca-Settat,1,0,no_data_gap,0.9317052234135639,0.10831553982523068,0.7596902104219975,0.9660781760556287,0.9965813831903665
Fquih Ben Salah,Béni Mellal-Khénifra,23,765,epi_only,0.9290780960585624,0.07731799637468416,0.787447301959581,0.9540532800277499,0.9949267412483213
Casablanca,Casablanca-Settat,7,0,no_data_gap,0.9289112127657533,0.10790858717991755,0.7635500693209213,0.9627388498255541,0.995736222759483
Berrechid,Casablanca-Settat,13,0,no_data_gap,0.9281066071198523,0.11062539697016856,0.7582294011248498,0.9626416042593775,0.9956669442782502
Marrakech,Marrakech-Safi,26,8,confirmed_capture,0.9280955474800352,0.06629663382410125,0.8036161557303051,0.9463433931414647,0.9930229022162741
Chichaoua,Marrakech-Safi,41,4637,confirmed_capture,0.926859264210078,0.06899416516435064,0.7960985310006212,0.9473589282021351,0.9935953530266285
El Jadida,Casablanca-Settat,16,0,no_data_gap,0.9201527144468248,0.11622050133904745,0.7152181948830297,0.956150276170793,0.994533916992988
Safi,Marrakech-Safi,23,4,epi_only,0.9158599969296158,0.08038031112350451,0.764498339018123,0.9400800341495683,0.9911390626427785
Rehamna,Marrakech-Safi,15,17,epi_only,0.9092832730758807,0.09098470429457958,0.7423763426203482,0.9372783215669969,0.9919849281384977
Tinghir,Drâa-Tafilalet,31,2572,confirmed_capture,0.9063653932146578,0.09934795320226635,0.7048676648118124,0.9412838810352,0.995363199742301
Essaouira,Marrakech-Safi,42,722,confirmed_capture,0.9055041927437211,0.0816724757295989,0.7533648210843381,0.9250828179540533,0.9889182958036936
Youssoufia,Marrakech-Safi,19,3,epi_only,0.9048575911277136,0.09352320582697328,0.7316677411981756,0.9321238310175282,0.9896636510063537
Sidi Bennour,Casablanca-Settat,28,0,no_data_gap,0.9044180062988652,0.12022766745558784,0.693092220078292,0.9444325841098851,0.9926692967203782
Agadir-Ida Ou Tanane,Souss-Massa,16,192,epi_only,0.8825694641033529,0.10339577506357046,0.6962459573524995,0.9090158106684855,0.9875711770633899
Taroudant,Souss-Massa,61,453,epi_only,0.8805615212299898,0.10026936177303937,0.6938219655181336,0.9052654077283249,0.9873875766521655
Ouarzazate,Drâa-Tafilalet,23,928,confirmed_capture,0.8647985679021976,0.11470095555594567,0.635962606669438,0.8946662662514042,0.9870990962061313
Chtouka-Aït Baha,Souss-Massa,33,26,epi_only,0.8585208033838322,0.1133945624573437,0.6382177875051177,0.88442595606344,0.9851739296147853
Inezgane-Aït Melloul,Souss-Massa,18,12,epi_only,0.8329174038944624,0.12810338306753374,0.583779040386512,0.8600868825572472,0.9832988727044257
Tiznit,Souss-Massa,26,18,epi_only,0.8312995180745897,0.12866043214882059,0.5836913040952102,0.8553944324372265,0.9829121066875358
Errachidia,Drâa-Tafilalet,32,26,unverified_capture,0.8277223637103901,0.13898222883429845,0.5579232000366102,0.8629022065919512,0.9850962606415529
Figuig,Oriental,6,0,no_data_gap,0.8247261383333415,0.1807475636236752,0.43965455256954306,0.887124305493781,0.9883689601643834
Tata,Souss-Massa,25,3,unverified_capture,0.7934991596845374,0.1390396265516347,0.5304367822555873,0.8154559356860385,0.9764927748894747
Sidi Ifni,Guelmim-Oued Noun,9,0,no_data_gap,0.7696502588350088,0.17685504088858592,0.4072300745858193,0.8105399627657429,0.9755402520863213
Guelmim,Guelmim-Oued Noun,17,15,epi_only,0.7425633410146062,0.1682565894341922,0.4357559198428661,0.7624970449286798,0.9704074120474898
Zagora,Drâa-Tafilalet,21,3,confirmed_capture,0.7031647612980245,0.20539890804099872,0.31525951633785304,0.7373414291105387,0.9756339679585515
Tan-Tan,Guelmim-Oued Noun,9,0,no_data_gap,0.5998659035267804,0.23387411488035492,0.18291783945476767,0.61490730335322,0.9549840085620919
Tarfaya,Laâyoune-Sakia El Hamra,3,0,no_data_gap,0.512710569990737,0.2445312782807292,0.1185531545480713,0.5066214054468092,0.9395378223009818
Assa-Zag,Guelmim-Oued Noun,12,0,no_data_gap,0.5085584267589301,0.2532875013553099,0.1038108945692072,0.5006676092878983,0.9377848230226878
Laâyoune,Laâyoune-Sakia El Hamra,5,0,no_data_gap,0.46375117512194913,0.2583405887298428,0.08313464359456797,0.4330192444216875,0.9389896370895335
Es-Semara,Laâyoune-Sakia El Hamra,6,0,no_data_gap,0.4263851941152405,0.2647383456947106,0.062039155824586925,0.3882217111830592,0.9270949272075261
Boujdour,Laâyoune-Sakia El Hamra,4,0,no_data_gap,0.36494245566812383,0.2745633806421906,0.03132314742033282,0.3031166141529053,0.9258152278722227
Oued Ed-Dahab,Dakhla-Oued Ed-Dahab,5,0,no_data_gap,0.017607165358253938,0.07901516685193721,1.0414388057544087e-36,9.156335444970664e-09,0.08517287455345508
Aousserd,Dakhla-Oued Ed-Dahab,7,0,no_data_gap,0.016617997686337548,0.07862154098169125,7.176309405440031e-37,7.607028580780365e-09,0.07505358018607013
